つぶ	神戸投資勉強会	1429	日本アクア	790	887	12.3%					サバイブ51	湘南投資勉強会	6131	浜井産業	1147	1431	24.8%										
銭闘志	湘南投資勉強会	1429	日本アクア	790	887	12.3%					サバイブ51	湘南投資勉強会	6158	和井田製作所	953	1029	8.0%										
アディ	湘南投資勉強会	1429	日本アクア	790	887	12.3%					さざなみ	湘南投資勉強会	AGFY	アグリファイ	9.2	1.26	-86.3%										
クロロ	神戸投資勉強会	1431	ＬｉｂＷｏｒｋ	779	759	-2.6%					ひんご	湘南投資勉強会	4369	トリケミカル	2096	3610	72.2%										
ケンヂ	湘南投資勉強会	1514	住石ホールディングス	388	1095	182.2%					ayame	湘南投資勉強会	8130	サンゲツ	2125	3100	45.9%				roku	湘南投資勉強会	7059	コプロ・ホールディングス	504	1525	202.6%
人間	湘南投資勉強会	1572	中国Ｈ株ブル２倍	5465	3401	-37.8%					雑魚投資家ベイベ	湘南投資勉強会	TSM	TSMC	81.3	104	27.9%										
タイ	湘南投資勉強会	1689	ＷＴ天然ガス上場投	3750	1551	-58.6%					大きなかぶ	湘南投資勉強会	5125	ファインズ	1335	574	-57.0%										
えびす	湘南投資勉強会	1712	ダイセキ環境ソリューション	937	1086	15.9%					くま	湘南投資勉強会	4074	ラキール	1165	1506	29.3%										
加藤バネ男	神戸投資勉強会	1799	第一建設工業	1353	1665	23.1%					きよし(湘南)	湘南投資勉強会	5136	ｔｒｉｐｌａ	2000	1575	-21.3%										
えびす	湘南投資勉強会	1929	日特建設	905	1061	17.2%					グコウさん	神戸投資勉強会	7114	フーディソン	2743	1647	-40.0%										
よっしー??	神戸投資勉強会	1938	日本リーテック	877	1185	35.1%					えびす	湘南投資勉強会	1712	ダイセキ環境ソリューション	937	1086	15.9%										
よっしー??	神戸投資勉強会	2107	東洋精糖	854	2040	138.9%					fukufukurou	神戸投資勉強会	9272	ブティックス	1877.5	1575	-16.1%				オニール好きの投資家	湘南投資勉強会	9560	プログリット	256	907	254.3%
新田明くん	神戸投資勉強会	2114	フジ日本精糖	532	962	80.8%					rei	神戸投資勉強会	7191	イントラスト	828	792	-4.3%										
KM Kevin	神戸投資勉強会	2127	日本Ｍ＆Ａセンターホールデ	1670	777.7	-53.4%					雪	神戸投資勉強会	7692	アースインフィニティ	137.4166	75	-45.4%										
hide	湘南投資勉強会	2130	メンバーズ	1955	963	-50.7%					人間	湘南投資勉強会	4177	ｉ‐ｐｌｕｇ	1320	1158	-12.3%										
ぷに丸	湘南投資勉強会	2146	ＵＴグループ	2399	2444	1.9%					ドライヴ	湘南投資勉強会	3665	エニグモ	651	367	-43.6%										
ぺるる	湘南投資勉強会	2146	ＵＴグループ	2399	2444	1.9%					なーたん	湘南投資勉強会	5070	ドラフト	375	707	88.5%										
ココア	湘南投資勉強会	2146	ＵＴグループ	2399	2444	1.9%					トム	湘南投資勉強会	6337	テセック	2927	2422	-17.3%										
たぐけん	湘南投資勉強会	2146	ＵＴグループ	2399	2444	1.9%					ドライヴ	湘南投資勉強会	9731	白洋舎	1774	2345	32.2%										
ぷに丸	湘南投資勉強会	2150	ケアネット	1123	1097	-2.3%					ピノキオ	神戸投資勉強会	9503	関西電力	1219	1872	53.6%										
oct	湘南投資勉強会	2157	コシダカホールディングス	979	1088	11.1%					サントーシー	湘南投資勉強会	4377	ワンキャリア	3615	4070	12.6%										
ポンポコたぬき	神戸投資勉強会	2170	リンクアンドモチベーション	627	557	-11.2%					むね坊主	神戸投資勉強会	3880	大王製紙	987	1123	13.8%										
タカ@takanovalue	神戸投資勉強会	2196	エスクリ	309	294	-4.9%					ぺるる	湘南投資勉強会	2146	ＵＴグループ	2399	2444	1.9%										
きよし(神戸)	神戸投資勉強会	2196	エスクリ	309	294	-4.9%					ぺるる	湘南投資勉強会	2984	ヤマイチ・ユニハイムエステート	825	959	16.2%										
roku	湘南投資勉強会	2196	エスクリ	309	294	-4.9%					ぺるる	湘南投資勉強会	5017	富士石油	253	365	44.3%										
あさか	湘南投資勉強会	2196	エスクリ	309	294	-4.9%					ぺるる	湘南投資勉強会	8596	九州リースサービス	741	1015	37.0%										
AK	湘南投資勉強会	2334	イオレ	996	1100	10.4%					しのぴー横綱若三杉	神戸投資勉強会	3666	テクノスジャパン	466	636	36.5%										
ぱふぇっと	神戸投資勉強会	2334	イオレ	996	1100	10.4%					しのぴー横綱若三杉	神戸投資勉強会	7367	セルム	601	757	26.0%										
先高	湘南投資勉強会	2353	日本駐車場開発	284	192	-32.4%					株ピ孔明	神戸投資勉強会	4527	ロート製薬	2170	2843	31.0%										
Kent	湘南投資勉強会	2353	日本駐車場開発	284	192	-32.4%					株ピ孔明	神戸投資勉強会	6526	ソシオネクスト	1366	2560	87.4%										
あせろら	湘南投資勉強会	2372	アイロムグループ	2340	2009	-14.1%					やっしー	神戸投資勉強会	3137	ファンデリー	292	273	-6.5%										
しのぴー横綱若三杉	神戸投資勉強会	2372	アイロムグループ	2340	2009	-14.1%					やまち	神戸投資勉強会	3553	共和レザー	498	718	44.2%										
hokusansan1	神戸投資勉強会	2372	アイロムグループ	2340	2009	-14.1%					やっしー	神戸投資勉強会	7813	プラッツ	623	662	6.3%										
でふし	神戸投資勉強会	2372	アイロムグループ	2340	2009	-14.1%					やまち	神戸投資勉強会	7813	プラッツ	623	662	6.3%										
nobukichi?49	湘南投資勉強会	2378	ルネサンス	872	876	0.5%					ののこ	神戸投資勉強会	7676	グッドスピード	2225	766	-65.6%										
tony	神戸投資勉強会	2395	新日本科学	2349	1698	-27.7%					ロニー	湘南投資勉強会	6577	ベストワンドットコム	1686	3815	126.3%										
やっしー	神戸投資勉強会	2410	キャリアデザインセンター	1475	2166	46.8%					あせろら	湘南投資勉強会	2372	アイロムグループ	2340	2009	-14.1%										
ヨシ	湘南投資勉強会	2411	ゲンダイエージェンシー	366	377	3.0%					でふし	神戸投資勉強会	2372	アイロムグループ	2340	2009	-14.1%										
きよし(神戸)	神戸投資勉強会	2418	ツカダ・グローバルＨＯＬＤ	350	379	8.3%					するが	湘南投資勉強会	2892	日本食品化工	2873	4035	40.4%										
かもめ	湘南投資勉強会	2424	ブラス	1002	683	-31.8%					加藤バネ男	神戸投資勉強会	1799	第一建設工業	1353	1665	23.1%										
thun	湘南投資勉強会	2427	アウトソーシング	939	1740	85.3%					rei	神戸投資勉強会	2585	ライフドリンクカンパニー	2409	4655	93.2%										
かんざき	湘南投資勉強会	2427	アウトソーシング	939	1740	85.3%					rei	神戸投資勉強会	8914	エリアリンク	1843	2690	46.0%										
rurio	神戸投資勉強会	2479	ジェイテック	221	235	6.3%					タカ@takanovalue	神戸投資勉強会	6550	Ｕｎｉｐｏｓ	144	157	9.0%										
ぱふぇっと	神戸投資勉強会	2479	ジェイテック	221	235	6.3%					タカ@takanovalue	神戸投資勉強会	7820	ニホンフラッシュ	873	908	4.0%										
愛鷹	湘南投資勉強会	2492	インフォマート	336	496	47.6%					あせろら	湘南投資勉強会	6067	インパクトＨＤ	3890	4490	15.4%										
rei	神戸投資勉強会	2585	ライフドリンクカンパニー	2409	4655	93.2%					Nami	湘南投資勉強会	7378	アシロ	655	724	10.5%										
しのぴー横綱若三杉	神戸投資勉強会	2652	まんだらけ	1002	2232	122.8%					hide	湘南投資勉強会	5136	ｔｒｉｐｌａ	2000	1575	-21.3%				キリン@神戸投資勉強会	神戸投資勉強会	3498	霞ヶ関キャピタル	4435	8960	102.0%
リネラブ	神戸投資勉強会	2652	まんだらけ	1002	2232	122.8%					hide	湘南投資勉強会	6235	オプトラン	2465	1631	-33.8%				くま	湘南投資勉強会	4414	フレクト	2093	4555	117.6%
hide	湘南投資勉強会	2681	ゲオホールディングス	1977	2122	7.3%					たお	湘南投資勉強会	4251	恵和	1518	1280	-15.7%										
ケンヂ	湘南投資勉強会	2685	アダストリア	2301	3475	51.0%					あさか	湘南投資勉強会	3864	三菱製紙	280	553	97.5%										
えびす	湘南投資勉強会	2694	焼肉坂井ホールディンク	71	74	4.2%					ちぃ	湘南投資勉強会	5034	ＵＮＥＲＲＹ	2305	2055	-10.8%										
SHINJI	神戸投資勉強会	2726	パルグループＨＬＤＧＳ	1271.5	2464	93.8%					Nami	湘南投資勉強会	2934	ジェイフロンティア	2711	4300	58.6%										
よしぼん	神戸投資勉強会	2726	パルグループＨＬＤＧＳ	1271.5	2464	93.8%					Nami	湘南投資勉強会	7367	セルム	601	757	26.0%										
アディ	湘南投資勉強会	2778	パレモ・ホールディングス	178	175	-1.7%					ヒデゾー	湘南投資勉強会	9339	コーチ・エィ	1965	1670	-15.0%										
かもめ	湘南投資勉強会	2813	和弘食品	2006.6666	2427	20.9%					きよし(神戸)	神戸投資勉強会	2418	ツカダ・グローバルＨＯＬＤ	350	379	8.3%										
スーパーこさく	神戸投資勉強会	2820	やまみ	1390	3530	154.0%					ayame	湘南投資勉強会	7725	インターアクション	1588	1083	-31.8%				yama	湘南投資勉強会	7047	ポート	1078	2357	118.6%
みなと	湘南投資勉強会	2884	ヨシムラ・フード・ＨＬＤＧＳ	641	1042	62.6%					thun	湘南投資勉強会	6630	ヤーマン	1357	1006	-25.9%										
ゆに	神戸投資勉強会	2884	ヨシムラ・フード・ＨＬＤＧＳ	641	1042	62.6%					thun	湘南投資勉強会	7794	イーディーピー	3950	1796	-54.5%										
するが	湘南投資勉強会	2892	日本食品化工	2873	4035	40.4%					あんこ	湘南投資勉強会	3393	スターティアホールディングス	925	1341	45.0%										
Nami	湘南投資勉強会	2934	ジェイフロンティア	2711	4300	58.6%					tony	神戸投資勉強会	2395	新日本科学	2349	1698	-27.7%										
するが	湘南投資勉強会	2934	ジェイフロンティア	2711	4300	58.6%					yama	湘南投資勉強会	7047	ポート	1078	2357	118.6%										
キリン@神戸投資勉強会	神戸投資勉強会	2934	ジェイフロンティア	2711	4300	58.6%					tony	神戸投資勉強会	7809	壽屋	3673.3333	1614	-56.1%										
ココア	湘南投資勉強会	2936	ベースフード	385	482	25.2%					きよし(湘南)	湘南投資勉強会	6172	メタップス	560	886	58.2%										
グコウさん	神戸投資勉強会	2937	サンクゼール	3005	2588	-13.9%					やっしー	神戸投資勉強会	7279	ハイレックスコーポレーション	1075	1359	26.4%										
AK	湘南投資勉強会	2978	ツクルバ	728	854	17.3%					グコウさん	神戸投資勉強会	2937	サンクゼール	3005	2588	-13.9%										
むね坊主	神戸投資勉強会	2980	ＳＲＥホールディングス	3310	2754	-16.8%					ゆに	神戸投資勉強会	2884	ヨシムラ・フード・ＨＬＤＧＳ	641	1042	62.6%										
kenmo	湘南投資勉強会	2981	ランディックス	2339	2421	3.5%					てざわり	湘南投資勉強会	4927	ポーラ・オルビスＨＤ	1839	1584	-13.9%										
イタル	湘南投資勉強会	2981	ランディックス	2339	2421	3.5%					でふし	神戸投資勉強会	5444	大和工業	4505	7441	65.2%										
ののこ	神戸投資勉強会	2981	ランディックス	2339	2421	3.5%					でふし	神戸投資勉強会	8091	ニチモウ	1471	2018	37.2%										
nobukichi?49	湘南投資勉強会	2982	ＡＤワークスグループ	140	236	68.6%					rurio	神戸投資勉強会	2479	ジェイテック	221	235	6.3%										
ぱふぇっと	神戸投資勉強会	2982	ＡＤワークスグループ	140	236	68.6%					rurio	神戸投資勉強会	4082	第一稀元素化学工	1023	988	-3.4%										
栗エイタ	湘南投資勉強会	2982	ＡＤワークスグループ	140	236	68.6%					sasuke N	湘南投資勉強会	6323	ローツェ	7680	15060	96.1%										
ぺるる	湘南投資勉強会	2984	ヤマイチ・ユニハイムエステート	825	959	16.2%					くま	湘南投資勉強会	4379	ＰＨＯＴＯＳＹＮＴＨ	299	446	49.2%										
バシマエ	湘南投資勉強会	2987	タスキ	1048	1333	27.2%					かもめ	湘南投資勉強会	7228	デイトナ	3310	3000	-9.4%										
ちぃ	湘南投資勉強会	2998	クリアル	2068	5150	149.0%					fukufukurou	神戸投資勉強会	6577	ベストワンドットコム	1686	3815	126.3%				あちし	湘南投資勉強会	3041	ビューティ花壇	277	1022	269.0%
人間	湘南投資勉強会	3030	ハブ	620	719	16.0%					くま	湘南投資勉強会	3040	ソリトンシステムズ	1062	1392	31.1%										
くま	湘南投資勉強会	3040	ソリトンシステムズ	1062	1392	31.1%					オニール好きの投資家	湘南投資勉強会	4377	ワンキャリア	3615	4070	12.6%										
ココア	湘南投資勉強会	3041	ビューティ花壇	277	1022	269.0%					AK	湘南投資勉強会	3937	ＵＢＩＣＯＭホールディングス	2127	1669	-21.5%				fukufukurou	神戸投資勉強会	6577	ベストワンドットコム	1686	3815	126.3%
あちし	湘南投資勉強会	3041	ビューティ花壇	277	1022	269.0%					AK	湘南投資勉強会	7089	フォースタートアップス	2155	1739	-19.3%				ayame	湘南投資勉強会	7047	ポート	1078	2357	118.6%
ぱふぇっと	神戸投資勉強会	3041	ビューティ花壇	277	1022	269.0%					AK	湘南投資勉強会	7360	オンデック	1382	825	-40.3%				kenmo	湘南投資勉強会	7059	コプロ・ホールディングス	504	1525	202.6%
お多福	湘南投資勉強会	3048	ビックカメラ	1239	1344	8.5%					スーパーこさく	神戸投資勉強会	6245	ヒラノテクシード	2332	1799	-22.9%										
やっしー	神戸投資勉強会	3137	ファンデリー	292	273	-6.5%					ポンポコたぬき	神戸投資勉強会	6226	守谷輸送機工業	748	1246	66.6%										
ゆうと	神戸投資勉強会	3138	富士山マガジン	779	688	-11.7%					めがね	湘南投資勉強会	4503	アステラス製薬	1901.5	1686	-11.3%										
ゆに	神戸投資勉強会	3167	ＴＯＫＡＩホールディングス	844	963	14.1%					ケンヂ	湘南投資勉強会	4177	ｉ‐ｐｌｕｇ	1320	1158	-12.3%										
タカ@takanovalue	神戸投資勉強会	3179	シュッピン	1222	1187	-2.9%					ひんご	湘南投資勉強会	6337	テセック	2927	2422	-17.3%										
えびす	湘南投資勉強会	3179	シュッピン	1222	1187	-2.9%					ひんご	湘南投資勉強会	8798	アドバンスクリエイト	1079	1003	-7.0%										
でふし	神戸投資勉強会	3180	ビューティガレージ	1687.5	2207	30.8%					お多福	湘南投資勉強会	9066	日新	2081	2400	15.3%										
thun	湘南投資勉強会	3186	ネクステージ	2533	2588	2.2%					トム	湘南投資勉強会	6625	ＪＡＬＣＯホールディングス	242	232	-4.1%										
ゆうと	神戸投資勉強会	3299	ムゲンエステート	476	1082	127.3%					hide	湘南投資勉強会	4318	クイック	2037	2578	26.6%				オニール好きの投資家	湘南投資勉強会	7388	ＦＰパートナー	1972.5	5190	163.1%
ロニー	湘南投資勉強会	3326	ランシステム	323	385	19.2%					きよし(神戸)	神戸投資勉強会	6554	エスユーエス	865	707	-18.3%										
あんこ	湘南投資勉強会	3328	ＢＥＥＮＯＳ	1911	1451	-24.1%					リョウ	湘南投資勉強会	7343	ブロードマインド	960	1037	8.0%										
ヨシ	湘南投資勉強会	3358	ワイエスフード	393	405	3.1%					でふし	神戸投資勉強会	9219	ギックス	1266	1114	-12.0%										
イタル	湘南投資勉強会	3359	ｃｏｔｔａ	315	545	73.0%					roku	湘南投資勉強会	2196	エスクリ	309	294	-4.9%										
ロニー	湘南投資勉強会	3359	ｃｏｔｔａ	315	545	73.0%					roku	湘南投資勉強会	4177	ｉ‐ｐｌｕｇ	1320	1158	-12.3%										
あんこ	湘南投資勉強会	3393	スターティアホールディングス	925	1341	45.0%					あちし	湘南投資勉強会	9272	ブティックス	1877.5	1575	-16.1%										
よっしー??	神戸投資勉強会	3415	ＴＯＫＹＯＢＡＳＥ	297	302	1.7%					なーたん	湘南投資勉強会	3550	スタジオアタオ	223	222	-0.4%										
加藤バネ男	神戸投資勉強会	3415	ＴＯＫＹＯＢＡＳＥ	297	302	1.7%					なーたん	湘南投資勉強会	4179	ジーネクスト	310	302	-2.6%										
加藤バネ男	神戸投資勉強会	3422	Ｊ－ＭＡＸ	596	483	-19.0%					よしぼん	神戸投資勉強会	8381	山陰合同銀行	759	994	31.0%										
ゆっき	湘南投資勉強会	3441	山王	928	873	-5.9%					ぺるる	湘南投資勉強会	5125	ファインズ	1335	574	-57.0%										
rurio	神戸投資勉強会	3449	テクノフレックス	991	1089	9.9%					シャカ	湘南投資勉強会	7038	フロンティア・マネジメント	1282	1511	17.9%										
kenmo	湘南投資勉強会	3486	グロバルリンクマネジメント	1078	2196	103.7%					Kent	湘南投資勉強会	FM	FM_MSCIフロンティア・セレクト	26.23	26.3	0.3%				人間	湘南投資勉強会	9828	元気寿司	1535	3095	101.6%
oct	湘南投資勉強会	3491	ＧＡＴＥＣＨＮＯＬＯＧＩＥＳ	1233	1313	6.5%					タカ@takanovalue	神戸投資勉強会	5194	相模ゴム	733	899	22.6%										
サントーシー	湘南投資勉強会	3496	アズーム	4930	7200	46.0%					あそびにん (KN)	湘南投資勉強会	3697	ＳＨＩＦＴ	23760	35820	50.8%										
キリン@神戸投資勉強会	神戸投資勉強会	3498	霞ヶ関キャピタル	4435	8960	102.0%					Kent	湘南投資勉強会	5136	ｔｒｉｐｌａ	2000	1575	-21.3%										
カリティクス	湘南投資勉強会	3498	霞ヶ関キャピタル	4435	8960	102.0%					Kent	湘南投資勉強会	6625	ＪＡＬＣＯホールディングス	242	232	-4.1%				大きなかぶ	湘南投資勉強会	9552	Ｍ＆Ａ総合研究所	2013.3333	4475	122.3%
ふう	神戸投資勉強会	3526	芦森工業	1235	2014	63.1%					thun	湘南投資勉強会	3186	ネクステージ	2533	2588	2.2%										
ゆうと	神戸投資勉強会	3526	芦森工業	1235	2014	63.1%					thun	湘南投資勉強会	4169	ＥＮＥＣＨＡＮＧＥ	1038	1035	-0.3%										
エル川	湘南投資勉強会	3526	芦森工業	1235	2014	63.1%					thun	湘南投資勉強会	7038	フロンティア・マネジメント	1282	1511	17.9%										
スーパーこさく	神戸投資勉強会	3540	歯愛メディカル	5260	4200	-20.2%					よしぼん	神戸投資勉強会	5125	ファインズ	1335	574	-57.0%										
なーたん	湘南投資勉強会	3550	スタジオアタオ	223	222	-0.4%					ぱふぇっと	神戸投資勉強会	2334	イオレ	996	1100	10.4%										
やまち	神戸投資勉強会	3553	共和レザー	498	718	44.2%					アリ	湘南投資勉強会	6918	アバールデータ	4010	6740	68.1%										
かんざき	湘南投資勉強会	3561	力の源ＨＤ	1018	1428	40.3%					イタル	湘南投資勉強会	3359	ｃｏｔｔａ	315	545	73.0%										
お多福	湘南投資勉強会	3561	力の源ＨＤ	1018	1428	40.3%					あんこ	湘南投資勉強会	3675	クロス・マーケティングＧ	741	557	-24.8%										
人間	湘南投資勉強会	3561	力の源ＨＤ	1018	1428	40.3%					イタル	湘南投資勉強会	4398	ブロードバンドセキュリテ	1261	1339	6.2%										
先高	湘南投資勉強会	3561	力の源ＨＤ	1018	1428	40.3%					イタル	湘南投資勉強会	6062	チャームケアコーポレーション	1208	1267	4.9%										
リョウ	湘南投資勉強会	3561	力の源ＨＤ	1018	1428	40.3%					イタル	湘南投資勉強会	6555	ＭＳ＆ＣＯＮＳＵＬＴＩＮＧ	613	713	16.3%										
シャカ	湘南投資勉強会	3561	力の源ＨＤ	1018	1428	40.3%					イタル	湘南投資勉強会	7134	クルーバー	543.3333	736	35.5%										
うわん	神戸投資勉強会	3562	Ｎｏ．１	1207	947	-21.5%					らう	湘南投資勉強会	5125	ファインズ	1335	574	-57.0%										
めがね	湘南投資勉強会	3563	ＦＯＯＤ＆ＬＩＦＥＣＯＭＰＡＮ	2785	2897	4.0%					つぶ	神戸投資勉強会	7725	インターアクション	1588	1083	-31.8%										
えびす	湘南投資勉強会	3611	マツオカコーポレーション	1044	1450	38.9%					うさみん	湘南投資勉強会	4439	東名	1670	1818	8.9%										
altama7772	神戸投資勉強会	3652	ディジタルメディアプロ	2545	2630	3.3%					でふし	神戸投資勉強会	3180	ビューティガレージ	1687.5	2207	30.8%										
Nami	湘南投資勉強会	3663	セルシス	712	719	1.0%					ののこ	神戸投資勉強会	5136	ｔｒｉｐｌａ	2000	1575	-21.3%										
ののこ	神戸投資勉強会	3664	モブキャストＨＬＤＧＳ	92	55	-40.2%					秋吉義明	湘南投資勉強会	3903	ｇｕｍｉ	919	443	-51.8%										
するが	湘南投資勉強会	3665	エニグモ	651	367	-43.6%					新田明くん	神戸投資勉強会	2114	フジ日本精糖	532	962	80.8%										
ﾐﾘｵﾝﾊﾞｶﾞｰ	神戸投資勉強会	3665	エニグモ	651	367	-43.6%					新田明くん	神戸投資勉強会	3666	テクノスジャパン	466	636	36.5%										
ドライヴ	湘南投資勉強会	3665	エニグモ	651	367	-43.6%					新田明くん	神戸投資勉強会	3963	シンクロ・フード	459	648	41.2%										
うわん	神戸投資勉強会	3665	エニグモ	651	367	-43.6%					初心	湘南投資勉強会	5125	ファインズ	1335	574	-57.0%										
新田明くん	神戸投資勉強会	3666	テクノスジャパン	466	636	36.5%					えびす	湘南投資勉強会	3611	マツオカコーポレーション	1044	1450	38.9%										
しのぴー横綱若三杉	神戸投資勉強会	3666	テクノスジャパン	466	636	36.5%					えびす	湘南投資勉強会	7014	名村造船所	383	1266	230.5%										
先高	湘南投資勉強会	3667	ｅｎｉｓｈ	352	170	-51.7%					人間	湘南投資勉強会	CWEB	CSI中国インターネット・インデックス株ブル2倍ETF	67.79	33.32	-50.8%										
あんこ	湘南投資勉強会	3675	クロス・マーケティングＧ	741	557	-24.8%					リョウ	湘南投資勉強会	4436	ミンカブ・ジ・インフォノイト	2458	1506	-38.7%										
nobukichi?49	湘南投資勉強会	3675	クロス・マーケティングＧ	741	557	-24.8%					リョウ	湘南投資勉強会	4575	キャンバス	1310	960	-26.7%										
やまち	神戸投資勉強会	3675	クロス・マーケティングＧ	741	557	-24.8%					リョウ	湘南投資勉強会	4890	坪田ラボ	904	335	-62.9%										
栗エイタ	湘南投資勉強会	3675	クロス・マーケティングＧ	741	557	-24.8%					りんたん	湘南投資勉強会	7180	九州フィナンシャルＧ	440	814.8	85.2%										
rurio	神戸投資勉強会	3679	じげん	374	531	42.0%					アリ	湘南投資勉強会	7408	ジャムコ	1390	1589	14.3%										
うわん	神戸投資勉強会	3683	サイバーリンクス	968	765	-21.0%					よっしー??	神戸投資勉強会	6403	水道機工	1329	1475	11.0%										
新田明くん	神戸投資勉強会	3687	フィックスターズ	1173	1291	10.1%					しのぴー横綱若三杉	神戸投資勉強会	DRIP	Direxion石油ガス探鉱ベア2倍ETF	14.67	11.29	-23.0%										
うわん	神戸投資勉強会	3690	イルグルム	635	637	0.3%					バシマエ	湘南投資勉強会	9552	Ｍ＆Ａ総合研究所	2013.3333	4475	122.3%										
ふくろう	湘南投資勉強会	3697	ＳＨＩＦＴ	23760	35820	50.8%					あさか	湘南投資勉強会	4379	ＰＨＯＴＯＳＹＮＴＨ	299	446	49.2%										
あそびにん (KN)	湘南投資勉強会	3697	ＳＨＩＦＴ	23760	35820	50.8%					あさか	湘南投資勉強会	5070	ドラフト	375	707	88.5%										
しのぴー横綱若三杉	神戸投資勉強会	3791	ＩＧポート	2154	4680	117.3%					kenmo	湘南投資勉強会	6632	ＪＶＣケンウッド	348	741	112.9%				むね坊主	神戸投資勉強会	6946	日本アビオニクス	3650	8200	124.7%
お多福	湘南投資勉強会	3791	ＩＧポート	2154	4680	117.3%					kenmo	湘南投資勉強会	7059	コプロ・ホールディングス	504	1525	202.6%				ふくろう	湘南投資勉強会	6632	ＪＶＣケンウッド	348	741	112.9%
tony	神戸投資勉強会	3791	ＩＧポート	2154	4680	117.3%					josui	湘南投資勉強会	HK9988	アリババ	109.5	75.6	-31.0%				ぱふぇっと	神戸投資勉強会	3041	ビューティ花壇	277	1022	269.0%
たお	湘南投資勉強会	3793	ドリコム	845	851	0.7%					ののこ	神戸投資勉強会	3664	モブキャストＨＬＤＧＳ	92	55	-40.2%										
秋吉義明	湘南投資勉強会	3793	ドリコム	845	851	0.7%					ののこ	神戸投資勉強会	5125	ファインズ	1335	574	-57.0%										
rei	神戸投資勉強会	3798	ＵＬＳグループ	3670	4325	17.8%					グコウさん	神戸投資勉強会	6226	守谷輸送機工業	748	1246	66.6%										
ぱふぇっと	神戸投資勉強会	3842	ネクストジェン	666	718	7.8%					タイ	湘南投資勉強会	5244	ＪＩＧ．ＪＰ	454	319	-29.7%										
ヨシ	湘南投資勉強会	3861	王子ホールディングス	518	543	4.8%					ちぃ	湘南投資勉強会	7047	ポート	1078	2357	118.6%										
めそ	湘南投資勉強会	3864	三菱製紙	280	553	97.5%					KM Kevin	神戸投資勉強会	AMZN	アマゾン	89.87	151.94	69.1%										
あそびにん (KN)	湘南投資勉強会	3864	三菱製紙	280	553	97.5%					KM Kevin	神戸投資勉強会	CCL	カーニバルクルーズ	9.68	18.54	91.5%										
あさか	湘南投資勉強会	3864	三菱製紙	280	553	97.5%					KM Kevin	神戸投資勉強会	TSLA	テスラ	118.85	248.48	109.1%										
てざわり	湘南投資勉強会	3864	三菱製紙	280	553	97.5%					KM Kevin	神戸投資勉強会	札2928	ライザップ	140	266	90.0%										
SHINJI	神戸投資勉強会	3880	大王製紙	987	1123	13.8%					ココア	湘南投資勉強会	3041	ビューティ花壇	277	1022	269.0%										
むね坊主	神戸投資勉強会	3880	大王製紙	987	1123	13.8%					ココア	湘南投資勉強会	8596	九州リースサービス	741	1015	37.0%										
KM Kevin	神戸投資勉強会	3880	大王製紙	987	1123	13.8%					ケンヂ	湘南投資勉強会	9556	ＩＮＴＬＯＯＰ	6290	3245	-48.4%										
くま	湘南投資勉強会	3900	クラウドワークス	1510	1266	-16.2%					ゆっき	湘南投資勉強会	8929	青山財産ネットワークス	1086	1037	-4.5%										
モモクリン（momokurin）	湘南投資勉強会	3903	ｇｕｍｉ	919	443	-51.8%					雪	神戸投資勉強会	4174	アピリッツ	1139	1040	-8.7%										
よしぼん	神戸投資勉強会	3903	ｇｕｍｉ	919	443	-51.8%					雪	神戸投資勉強会	4177	ｉ‐ｐｌｕｇ	1320	1158	-12.3%										
秋吉義明	湘南投資勉強会	3903	ｇｕｍｉ	919	443	-51.8%					雪	神戸投資勉強会	5726	大阪チタニウム	3850	2712	-29.6%										
ふう	神戸投資勉強会	3903	ｇｕｍｉ	919	443	-51.8%					雪	神戸投資勉強会	7298	八千代工業	1280	1388	8.4%										
altama7772	神戸投資勉強会	3903	ｇｕｍｉ	919	443	-51.8%					雪	神戸投資勉強会	9318	アジア開発キャピタル	3		#VALUE!										
くま	湘南投資勉強会	3914	ＪＩＧ－ＳＡＷ	4575	4630	1.2%					ねこじろー	湘南投資勉強会	7781	平山ホールディングス	683	940	37.6%										
きよし(湘南)	湘南投資勉強会	3931	バリューゴルフ	1346	926	-31.2%					葵堂	神戸投資勉強会	7279	ハイレックスコーポレーション	1075	1359	26.4%										
らう	湘南投資勉強会	3933	チエル	820	539	-34.3%					栗エイタ	湘南投資勉強会	9994	やまや	2494	3045	22.1%										
AK	湘南投資勉強会	3937	ＵＢＩＣＯＭホールディングス	2127	1669	-21.5%					らう	湘南投資勉強会	3933	チエル	820	539	-34.3%										
アリ	湘南投資勉強会	3950	ザ・パック	2397	3385	41.2%					アリ	湘南投資勉強会	7356	ＲＥＴＴＹ	194	171	-11.9%										
新田明くん	神戸投資勉強会	3963	シンクロ・フード	459	648	41.2%					アリ	湘南投資勉強会	6694	ズーム	1069	942	-11.9%										
ぷに丸	湘南投資勉強会	3979	うるる	1479	1600	8.2%					するが	湘南投資勉強会	3665	エニグモ	651	367	-43.6%										
roku	湘南投資勉強会	3979	うるる	1479	1600	8.2%					するが	湘南投資勉強会	6625	ＪＡＬＣＯホールディングス	242	232	-4.1%										
rei	神戸投資勉強会	3979	うるる	1479	1600	8.2%					するが	湘南投資勉強会	7806	ＭＴＧ	1450	1463	0.9%										
リョウ	湘南投資勉強会	3983	オロ	1918	2584	34.7%					えびす	湘南投資勉強会	2694	焼肉坂井ホールディンク	71	74	4.2%										
てざわり	湘南投資勉強会	4019	スタメン	636	807	26.9%					かもめ	湘南投資勉強会	2424	ブラス	1002	683	-31.8%										
rei	神戸投資勉強会	4026	神島化学	1578	1398	-11.4%					むね坊主	神戸投資勉強会	2980	ＳＲＥホールディングス	3310	2754	-16.8%										
ぷに丸	湘南投資勉強会	4026	神島化学	1578	1398	-11.4%					めがね	湘南投資勉強会	3563	ＦＯＯＤ＆ＬＩＦＥＣＯＭＰＡＮ	2785	2897	4.0%										
tio	湘南投資勉強会	4026	神島化学	1578	1398	-11.4%					めがね	湘南投資勉強会	4480	メドレー	4190	4400	5.0%										
茶々丸	神戸投資勉強会	4026	神島化学	1578	1398	-11.4%					めがね	湘南投資勉強会	4755	楽天グループ	619	628	1.5%										
fukufukurou	神戸投資勉強会	4027	テイカ	1157	1369	18.3%					きよし(神戸)	神戸投資勉強会	5031	モイ	366	249	-32.0%										
くま	湘南投資勉強会	4074	ラキール	1165	1506	29.3%					お多福	湘南投資勉強会	9955	ヨンキュウ	2925	2271	-22.4%										
rurio	神戸投資勉強会	4082	第一稀元素化学工	1023	988	-3.4%					ふう	神戸投資勉強会	6656	インスペック	946	1041	10.0%										
tanki	神戸投資勉強会	4169	ＥＮＥＣＨＡＮＧＥ	1038	1035	-0.3%					バシマエ	湘南投資勉強会	2987	タスキ	1048	1333	27.2%										
みなと	湘南投資勉強会	4169	ＥＮＥＣＨＡＮＧＥ	1038	1035	-0.3%					ぱふぇっと	神戸投資勉強会	3041	ビューティ花壇	277	1022	269.0%										
あせろら	湘南投資勉強会	4169	ＥＮＥＣＨＡＮＧＥ	1038	1035	-0.3%					バシマエ	湘南投資勉強会	4169	ＥＮＥＣＨＡＮＧＥ	1038	1035	-0.3%										
thun	湘南投資勉強会	4169	ＥＮＥＣＨＡＮＧＥ	1038	1035	-0.3%					バシマエ	湘南投資勉強会	6067	インパクトＨＤ	3890	4490	15.4%										
バシマエ	湘南投資勉強会	4169	ＥＮＥＣＨＡＮＧＥ	1038	1035	-0.3%					バシマエ	湘南投資勉強会	7676	グッドスピード	2225	766	-65.6%										
リネラブ	神戸投資勉強会	4169	ＥＮＥＣＨＡＮＧＥ	1038	1035	-0.3%					ぱふぇっと	神戸投資勉強会	札2928	ライザップ	140	266	90.0%										
うさみん	湘南投資勉強会	4174	アピリッツ	1139	1040	-8.7%					みなと	湘南投資勉強会	2884	ヨシムラ・フード・ＨＬＤＧＳ	641	1042	62.6%										
ふう	神戸投資勉強会	4174	アピリッツ	1139	1040	-8.7%					みなと	湘南投資勉強会	4169	ＥＮＥＣＨＡＮＧＥ	1038	1035	-0.3%										
キリン@神戸投資勉強会	神戸投資勉強会	4174	アピリッツ	1139	1040	-8.7%					みなと	湘南投資勉強会	7038	フロンティア・マネジメント	1282	1511	17.9%										
新田明くん	神戸投資勉強会	4174	アピリッツ	1139	1040	-8.7%					みなと	湘南投資勉強会	7094	ＮＥＸＴＯＮＥ	4070	1213	-70.2%										
雪	神戸投資勉強会	4174	アピリッツ	1139	1040	-8.7%					ﾐﾘｵﾝﾊﾞｶﾞｰ	神戸投資勉強会	7743	シード	495	817	65.1%										
株ピ孔明	神戸投資勉強会	4174	アピリッツ	1139	1040	-8.7%					みなと	湘南投資勉強会	9272	ブティックス	1877.5	1575	-16.1%										
roku	湘南投資勉強会	4177	ｉ‐ｐｌｕｇ	1320	1158	-12.3%					めそ	湘南投資勉強会	4177	ｉ‐ｐｌｕｇ	1320	1158	-12.3%										
あさか	湘南投資勉強会	4177	ｉ‐ｐｌｕｇ	1320	1158	-12.3%					めそ	湘南投資勉強会	4490	ビザスク	1356	951	-29.9%										
大きなかぶ	湘南投資勉強会	4177	ｉ‐ｐｌｕｇ	1320	1158	-12.3%					モモクリン（momokurin）	湘南投資勉強会	5129	ＦＩＸＥＲ	2223	1391	-37.4%										
雪	神戸投資勉強会	4177	ｉ‐ｐｌｕｇ	1320	1158	-12.3%					モモクリン（momokurin）	湘南投資勉強会	5136	ｔｒｉｐｌａ	2000	1575	-21.3%										
めそ	湘南投資勉強会	4177	ｉ‐ｐｌｕｇ	1320	1158	-12.3%					モモクリン（momokurin）	湘南投資勉強会	6625	ＪＡＬＣＯホールディングス	242	232	-4.1%										
人間	湘南投資勉強会	4177	ｉ‐ｐｌｕｇ	1320	1158	-12.3%					モモクリン（momokurin）	湘南投資勉強会	7072	インティメート・マージャー	1277	1072	-16.1%										
うわん	神戸投資勉強会	4177	ｉ‐ｐｌｕｇ	1320	1158	-12.3%					モモクリン（momokurin）	湘南投資勉強会	8031	三井物産	3742	5298	41.6%										
ケンヂ	湘南投資勉強会	4177	ｉ‐ｐｌｕｇ	1320	1158	-12.3%					モモクリン（momokurin）	湘南投資勉強会	9341	ＧＥＮＯＶＡ	1635	1616	-1.2%										
あちし	湘南投資勉強会	4177	ｉ‐ｐｌｕｇ	1320	1158	-12.3%					めそ	湘南投資勉強会	MKFG	マークフォージド	1.29	0.82	-36.4%										
なーたん	湘南投資勉強会	4179	ジーネクスト	310	302	-2.6%					ひんご	湘南投資勉強会	6104	芝浦機械	2700	3460	28.1%										
リネラブ	神戸投資勉強会	4180	ＡＰＰＩＥＲＧＲＯＵＰ	1480	1850	25.0%					きよし(湘南)	湘南投資勉強会	6186	一蔵	444	582	31.1%										
ヨシ	湘南投資勉強会	4192	スパイダープラス	651	739	13.5%					ココア	湘南投資勉強会	2936	ベースフード	385	482	25.2%										
たお	湘南投資勉強会	4251	恵和	1518	1280	-15.7%					やまち	神戸投資勉強会	4556	カイノス	1120	1091	-2.6%										
かんざき	湘南投資勉強会	4251	恵和	1518	1280	-15.7%					やまち	神戸投資勉強会	6629	テクノホライゾン	511	499	-2.3%										
オニール好きの投資家	湘南投資勉強会	4259	エクサウィザーズ	439	386	-12.1%					めそ	湘南投資勉強会	5932	三協立山	535	783	46.4%										
oct	湘南投資勉強会	4262	ニフティライフスタイル	857	837	-2.3%					ピノキオ	神戸投資勉強会	9504	中国電力	668	1006.5	50.7%										
やまち	神戸投資勉強会	4262	ニフティライフスタイル	857	837	-2.3%					ピノキオ	神戸投資勉強会	9505	北陸電力	519	733.6	41.3%										
roku	湘南投資勉強会	4262	ニフティライフスタイル	857	837	-2.3%					ピノキオ	神戸投資勉強会	9506	東北電力	662	958.9	44.8%										
むね坊主	神戸投資勉強会	4274	細谷火工	1580	1319	-16.5%					ゆに	神戸投資勉強会	4369	トリケミカル	2096	3610	72.2%										
hide	湘南投資勉強会	4318	クイック	2037	2578	26.6%					かもめ	湘南投資勉強会	6731	ピクセラ	700	150	-78.6%										
きよし(神戸)	神戸投資勉強会	4331	テイクアンドギヴニーズ	1413	1185	-16.1%					ゆっき	湘南投資勉強会	7038	フロンティア・マネジメント	1282	1511	17.9%										
きよし(湘南)	湘南投資勉強会	4331	テイクアンドギヴニーズ	1413	1185	-16.1%					ゆっき	湘南投資勉強会	7367	セルム	601	757	26.0%										
ぺるる	湘南投資勉強会	4334	ユークス	1206	541	-55.1%					先高	湘南投資勉強会	2353	日本駐車場開発	284	192	-32.4%										
たお	湘南投資勉強会	4344	ソースネクスト	306	164	-46.4%					新田明くん	神戸投資勉強会	4174	アピリッツ	1139	1040	-8.7%										
ひんご	湘南投資勉強会	4368	扶桑化学工業	3450	4175	21.0%					きよし(神戸)	神戸投資勉強会	6186	一蔵	444	582	31.1%										
ゆに	神戸投資勉強会	4369	トリケミカル	2096	3610	72.2%					rurio	神戸投資勉強会	6121	ＴＡＫＩＳＡＷＡ	1076	2595	141.2%										
ひんご	湘南投資勉強会	4369	トリケミカル	2096	3610	72.2%					rurio	神戸投資勉強会	9522	リニューアブル・ジャパン	460	1187	158.0%										
クロロ	神戸投資勉強会	4376	くふうカンパニー	530	360	-32.1%					株ピ孔明	神戸投資勉強会	9552	Ｍ＆Ａ総合研究所	2013.3333	4475	122.3%										
するが	湘南投資勉強会	4377	ワンキャリア	3615	4070	12.6%					さざなみ	湘南投資勉強会	9554	ＡＶｉＣ	1174	776	-33.9%										
サントーシー	湘南投資勉強会	4377	ワンキャリア	3615	4070	12.6%					さざなみ	湘南投資勉強会	CD	チンデータ	7.91	8.45	6.8%										
オニール好きの投資家	湘南投資勉強会	4377	ワンキャリア	3615	4070	12.6%					さざなみ	湘南投資勉強会	TSLA	テスラ	118.85	248.48	109.1%										
くま	湘南投資勉強会	4379	ＰＨＯＴＯＳＹＮＴＨ	299	446	49.2%					あさか	湘南投資勉強会	2196	エスクリ	309	294	-4.9%										
あさか	湘南投資勉強会	4379	ＰＨＯＴＯＳＹＮＴＨ	299	446	49.2%					あさか	湘南投資勉強会	7717	ブイ・テクノロジー	2600	2843	9.3%										
りんたん	湘南投資勉強会	4382	ＨＥＲＯＺ	999	1690	69.2%					rurio	神戸投資勉強会	6330	東洋エンジニア	592	787	32.9%										
めがね	湘南投資勉強会	4385	メルカリ	2831	2612.5	-7.7%					まいる	湘南投資勉強会	7844	マーベラス	680	713	4.9%										
初心	湘南投資勉強会	4387	ＺＵＵ	962	672	-30.1%					愛鷹	湘南投資勉強会	7061	日本ホスピスＨＬＤＧＳ	2381	2264	-4.9%										
大きなかぶ	湘南投資勉強会	4387	ＺＵＵ	962	672	-30.1%					愛鷹	湘南投資勉強会	7725	インターアクション	1588	1083	-31.8%										
ゆっき	湘南投資勉強会	4387	ＺＵＵ	962	672	-30.1%					愛鷹	湘南投資勉強会	8929	青山財産ネットワークス	1086	1037	-4.5%										
シャカ	湘南投資勉強会	4390	ＩＰＳ	2704	2093	-22.6%					リネラブ	神戸投資勉強会	4180	ＡＰＰＩＥＲＧＲＯＵＰ	1480	1850	25.0%										
あちし	湘南投資勉強会	4390	ＩＰＳ	2704	2093	-22.6%					リネラブ	神戸投資勉強会	8136	サンリオ	4635	5879	26.8%										
イタル	湘南投資勉強会	4398	ブロードバンドセキュリテ	1261	1339	6.2%					たぐけん	湘南投資勉強会	8130	サンゲツ	2125	3100	45.9%										
くま	湘南投資勉強会	4414	フレクト	2093	4555	117.6%					josui	湘南投資勉強会	5726	大阪チタニウム	3850	2712	-29.6%				バシマエ	湘南投資勉強会	9552	Ｍ＆Ａ総合研究所	2013.3333	4475	122.3%
AK	湘南投資勉強会	4414	フレクト	2093	4555	117.6%					josui	湘南投資勉強会	6425	ユニバーサルエンターテインメン	2377	2300	-3.2%				ちぃ	湘南投資勉強会	7047	ポート	1078	2357	118.6%
オニール好きの投資家	湘南投資勉強会	4419	ＦＩＮＡＴＥＸＴホールディンク	496	662	33.5%					えむ	湘南投資勉強会	7378	アシロ	655	724	10.5%										
ヒデゾー	湘南投資勉強会	4419	ＦＩＮＡＴＥＸＴホールディンク	496	662	33.5%					えむ	湘南投資勉強会	7794	イーディーピー	3950	1796	-54.5%										
バシマエ	湘南投資勉強会	4419	ＦＩＮＡＴＥＸＴホールディンク	496	662	33.5%					えむ	湘南投資勉強会	9263	ビジョナリーＨＬＤＧＳ	201	199	-1.0%										
ゆっき	湘南投資勉強会	4429	リックソフト	1791	1437	-19.8%					よしぼん	神戸投資勉強会	3903	ｇｕｍｉ	919	443	-51.8%										
シャカ	湘南投資勉強会	4435	カオナビ	2355	2250	-4.5%					ぷに丸	湘南投資勉強会	2146	ＵＴグループ	2399	2444	1.9%										
ふう	神戸投資勉強会	4436	ミンカブ・ジ・インフォノイト	2458	1506	-38.7%					雑魚投資家ベイベ	湘南投資勉強会	6425	ユニバーサルエンターテインメン	2377	2300	-3.2%										
リョウ	湘南投資勉強会	4436	ミンカブ・ジ・インフォノイト	2458	1506	-38.7%					四丁目	湘南投資勉強会	9554	ＡＶｉＣ	1174	776	-33.9%										
kenmo	湘南投資勉強会	4439	東名	1670	1818	8.9%					スーパーこさく	神戸投資勉強会	2820	やまみ	1390	3530	154.0%										
初心	湘南投資勉強会	4439	東名	1670	1818	8.9%					スーパーこさく	神戸投資勉強会	7187	ジェイリース	2615	2154	-17.6%										
tanki	神戸投資勉強会	4439	東名	1670	1818	8.9%					スーパーこさく	神戸投資勉強会	7408	ジャムコ	1390	1589	14.3%										
うさみん	湘南投資勉強会	4439	東名	1670	1818	8.9%					スーパーこさく	神戸投資勉強会	7906	ヨネックス	1172	1338	14.2%										
ちぃ	湘南投資勉強会	4442	バルテス	945.3333	967	2.3%					でふし	神戸投資勉強会	5727	東邦チタニウム	2598	1896	-27.0%										
かんざき	湘南投資勉強会	4442	バルテス	945.3333	967	2.3%					でふし	神戸投資勉強会	6779	日本電波工業	1519	1257	-17.2%										
たぐけん	湘南投資勉強会	4450	パワーソリューションズ	2460	2485	1.0%					ののこ	神戸投資勉強会	2981	ランディックス	2339	2421	3.5%										
ココア	湘南投資勉強会	4478	フリー	2928	3055	4.3%					ちぃ	湘南投資勉強会	4442	バルテス	945.3333	967	2.3%										
めがね	湘南投資勉強会	4480	メドレー	4190	4400	5.0%					たぐけん	湘南投資勉強会	4539	日本ケミファ	1687	1561	-7.5%										
クロロ	神戸投資勉強会	4482	ウィルズ	660	653	-1.1%					ヒデゾー	湘南投資勉強会	9564	ＦＣＥＨＯＬＤＩＮＧＳ	1621	2264	39.7%										
ayame	湘南投資勉強会	4483	ＪＭＤＣ	3730	4263	14.3%					ケンヂ	湘南投資勉強会	6632	ＪＶＣケンウッド	348	741	112.9%										
ぷに丸	湘南投資勉強会	4483	ＪＭＤＣ	3730	4263	14.3%					ケンヂ	湘南投資勉強会	7481	尾家産業	931	1746	87.5%										
めそ	湘南投資勉強会	4490	ビザスク	1356	951	-29.9%					愛鷹	湘南投資勉強会	2492	インフォマート	336	496	47.6%										
あちし	湘南投資勉強会	4490	ビザスク	1356	951	-29.9%					愛鷹	湘南投資勉強会	6023	ダイハツデイ－ゼル	509	985	93.5%										
茶々丸	神戸投資勉強会	4490	ビザスク	1356	951	-29.9%					愛鷹	湘南投資勉強会	9424	日本通信	220	228	3.6%										
めがね	湘南投資勉強会	4503	アステラス製薬	1901.5	1686	-11.3%					むね坊主	神戸投資勉強会	4274	細谷火工	1580	1319	-16.5%										
たぐけん	湘南投資勉強会	4503	アステラス製薬	1901.5	1686	-11.3%					むね坊主	神戸投資勉強会	7813	プラッツ	623	662	6.3%										
tio	湘南投資勉強会	4527	ロート製薬	2170	2843	31.0%					オニール好きの投資家	湘南投資勉強会	4259	エクサウィザーズ	439	386	-12.1%										
茶々丸	神戸投資勉強会	4527	ロート製薬	2170	2843	31.0%					おむすび?	神戸投資勉強会	5034	ＵＮＥＲＲＹ	2305	2055	-10.8%										
株ピ孔明	神戸投資勉強会	4527	ロート製薬	2170	2843	31.0%					オニール好きの投資家	湘南投資勉強会	5129	ＦＩＸＥＲ	2223	1391	-37.4%										
ayame	湘南投資勉強会	4528	小野薬品	2857	2516	-11.9%					めそ	湘南投資勉強会	7318	セレンディップ・ホールディ	689	1664	141.5%										
nobukichi?49	湘南投資勉強会	4531	有機合成薬品	289	282	-2.4%					ピノキオ	神戸投資勉強会	9507	四国電力	724	1013.5	40.0%										
栗エイタ	湘南投資勉強会	4531	有機合成薬品	289	282	-2.4%					ピノキオ	神戸投資勉強会	9511	沖縄電力	1020	1115	9.3%										
たぐけん	湘南投資勉強会	4539	日本ケミファ	1687	1561	-7.5%					ポンポコたぬき	神戸投資勉強会	6625	ＪＡＬＣＯホールディングス	242	232	-4.1%										
やまち	神戸投資勉強会	4556	カイノス	1120	1091	-2.6%					ひんご	湘南投資勉強会	4368	扶桑化学工業	3450	4175	21.0%										
リョウ	湘南投資勉強会	4575	キャンバス	1310	960	-26.7%					りんたん	湘南投資勉強会	9424	日本通信	220	228	3.6%										
よしぼん	神戸投資勉強会	4587	ペプチドリーム	1983	1486.5	-25.0%					りんたん	湘南投資勉強会	4382	ＨＥＲＯＺ	999	1690	69.2%										
銭闘志	湘南投資勉強会	4661	オリエンタルランド	3822	5251	37.4%					うさみん	湘南投資勉強会	7064	ハウテレビジョン	3705	3100	-16.3%										
らう	湘南投資勉強会	4667	アイサンテクノロジー	1537	1652	7.5%					たお	湘南投資勉強会	3793	ドリコム	845	851	0.7%										
カリティクス	湘南投資勉強会	4680	ラウンドワン	465	558	20.0%					きよし(神戸)	神戸投資勉強会	4331	テイクアンドギヴニーズ	1413	1185	-16.1%										
ののこ	神戸投資勉強会	4689	Ｚホールディングス	336.8	499.7	48.4%					あさか	湘南投資勉強会	4177	ｉ‐ｐｌｕｇ	1320	1158	-12.3%										
ぱふぇっと	神戸投資勉強会	4751	サイバーエージェント	1159	885.1	-23.6%					リョウ	湘南投資勉強会	3561	力の源ＨＤ	1018	1428	40.3%										
SHINJI	神戸投資勉強会	4751	サイバーエージェント	1159	885.1	-23.6%					リネラブ	神戸投資勉強会	7087	ウイルテック	869	860	-1.0%										
明石伸夫	初参加	4755	楽天グループ	619	628	1.5%					ねこじろー	湘南投資勉強会	6578	エヌリンクス	179	259	44.7%										
めがね	湘南投資勉強会	4755	楽天グループ	619	628	1.5%					なーたん	湘南投資勉強会	9253	スローガン	802	612	-23.7%										
tony	神戸投資勉強会	4833	ＳＵＣＣＥＳＳＨＯＬＤＥＲＳ	104	96	-7.7%					ポンポコたぬき	神戸投資勉強会	9257	ＹＣＰホールディングス	712	598	-16.0%										
加藤バネ男	神戸投資勉強会	4837	シダックス	590	808	36.9%					うわん	神戸投資勉強会	3683	サイバーリンクス	968	765	-21.0%										
加藤バネ男	神戸投資勉強会	4837	シダックス	590	808	36.9%					うわん	神戸投資勉強会	4177	ｉ‐ｐｌｕｇ	1320	1158	-12.3%										
りんたん	湘南投資勉強会	4875	メディシノバ・インク	315	210	-33.3%					株ピ孔明	神戸投資勉強会	4174	アピリッツ	1139	1040	-8.7%										
リョウ	湘南投資勉強会	4890	坪田ラボ	904	335	-62.9%					茶々丸	神戸投資勉強会	6226	守谷輸送機工業	748	1246	66.6%										
てざわり	湘南投資勉強会	4927	ポーラ・オルビスＨＤ	1839	1584	-13.9%					やっしー	神戸投資勉強会	9509	北海道電力	445	624.6	40.4%										
秋吉義明	湘南投資勉強会	4932	アルマード	1104	1390	25.9%					かんざき	湘南投資勉強会	3561	力の源ＨＤ	1018	1428	40.3%										
ふう	神戸投資勉強会	4936	アクシージア	1538	876	-43.0%					初心	湘南投資勉強会	8798	アドバンスクリエイト	1079	1003	-7.0%										
fukufukurou	神戸投資勉強会	4977	新田ゼラチン	830	761	-8.3%					まいる	湘南投資勉強会	7235	東京ラヂエ－タ－	700	696	-0.6%										
あんこ	湘南投資勉強会	4980	デクセリアルズ	2591	4126	59.2%					tony	神戸投資勉強会	6521	オキサイド	4405	3200	-27.4%										
ぺるる	湘南投資勉強会	5017	富士石油	253	365	44.3%					アディ	湘南投資勉強会	2778	パレモ・ホールディングス	178	175	-1.7%										
きよし(湘南)	湘南投資勉強会	5031	モイ	366	249	-32.0%					加藤バネ男	神戸投資勉強会	3415	ＴＯＫＹＯＢＡＳＥ	297	302	1.7%										
きよし(神戸)	神戸投資勉強会	5031	モイ	366	249	-32.0%					加藤バネ男	神戸投資勉強会	3422	Ｊ－ＭＡＸ	596	483	-19.0%										
たお	湘南投資勉強会	5032	ＡＮＹＣＯＬＯＲ	3155	3110	-1.4%					ヒデゾー	湘南投資勉強会	6656	インスペック	946	1041	10.0%										
oct	湘南投資勉強会	5032	ＡＮＹＣＯＬＯＲ	3155	3110	-1.4%					ヒデゾー	湘南投資勉強会	6966	三井ハイテック	6550	7360	12.4%										
oct	湘南投資勉強会	5034	ＵＮＥＲＲＹ	2305	2055	-10.8%					ﾐﾘｵﾝﾊﾞｶﾞｰ	神戸投資勉強会	3665	エニグモ	651	367	-43.6%										
おむすび?	神戸投資勉強会	5034	ＵＮＥＲＲＹ	2305	2055	-10.8%					むね坊主	神戸投資勉強会	6946	日本アビオニクス	3650	8200	124.7%										
ちぃ	湘南投資勉強会	5034	ＵＮＥＲＲＹ	2305	2055	-10.8%					むね坊主	神戸投資勉強会	7256	河西工業	133	193	45.1%										
なーたん	湘南投資勉強会	5070	ドラフト	375	707	88.5%					oct	湘南投資勉強会	2157	コシダカホールディングス	979	1088	11.1%										
大きなかぶ	湘南投資勉強会	5070	ドラフト	375	707	88.5%					oct	湘南投資勉強会	3491	ＧＡＴＥＣＨＮＯＬＯＧＩＥＳ	1233	1313	6.5%										
あさか	湘南投資勉強会	5070	ドラフト	375	707	88.5%					oct	湘南投資勉強会	8130	サンゲツ	2125	3100	45.9%										
roku	湘南投資勉強会	5070	ドラフト	375	707	88.5%					oct	湘南投資勉強会	8891	ＡＭＧホールディングス	1342	1982	47.7%										
キリン@神戸投資勉強会	神戸投資勉強会	5071	ヴィス	1055	1009	-4.4%					ぷに丸	湘南投資勉強会	4483	ＪＭＤＣ	3730	4263	14.3%										
Nami	湘南投資勉強会	5071	ヴィス	1055	1009	-4.4%					ぷに丸	湘南投資勉強会	9216	ビーウィズ	1080	2071	91.8%										
ゆっき	湘南投資勉強会	5074	テスホールディングス	738	436	-40.9%					初心	湘南投資勉強会	4439	東名	1670	1818	8.9%										
りんたん	湘南投資勉強会	5078	セレコーポレーション	2500	3210	28.4%					かもめ	湘南投資勉強会	9318	アジア開発キャピタル	3		#VALUE!										
うわん	神戸投資勉強会	5121	藤倉コンポジット	826	1379	66.9%					SHINJI	神戸投資勉強会	2726	パルグループＨＬＤＧＳ	1271.5	2464	93.8%										
ゆうと	神戸投資勉強会	5121	藤倉コンポジット	826	1379	66.9%					SHINJI	神戸投資勉強会	札2928	ライザップ	140	266	90.0%										
まいる	湘南投資勉強会	5125	ファインズ	1335	574	-57.0%					銭闘志	湘南投資勉強会	1429	日本アクア	790	887	12.3%										
初心	湘南投資勉強会	5125	ファインズ	1335	574	-57.0%					大きなかぶ	湘南投資勉強会	4177	ｉ‐ｐｌｕｇ	1320	1158	-12.3%										
大きなかぶ	湘南投資勉強会	5125	ファインズ	1335	574	-57.0%					大きなかぶ	湘南投資勉強会	4387	ＺＵＵ	962	672	-30.1%										
イタル	湘南投資勉強会	5125	ファインズ	1335	574	-57.0%					銭闘志	湘南投資勉強会	4661	オリエンタルランド	3822	5251	37.4%										
らう	湘南投資勉強会	5125	ファインズ	1335	574	-57.0%					大きなかぶ	湘南投資勉強会	5070	ドラフト	375	707	88.5%										
ののこ	神戸投資勉強会	5125	ファインズ	1335	574	-57.0%					銭闘志	湘南投資勉強会	5401	日本製鉄	2368	3230	36.4%										
あそびにん (KN)	湘南投資勉強会	5125	ファインズ	1335	574	-57.0%					銭闘志	湘南投資勉強会	6083	ＥＲＩホールディングス	1165	1712	47.0%										
ぷに丸	湘南投資勉強会	5125	ファインズ	1335	574	-57.0%					銭闘志	湘南投資勉強会	6395	タダノ	900	1179	31.0%										
りんたん	湘南投資勉強会	5125	ファインズ	1335	574	-57.0%					大きなかぶ	湘南投資勉強会	6578	エヌリンクス	179	259	44.7%										
雪	神戸投資勉強会	5125	ファインズ	1335	574	-57.0%					大きなかぶ	湘南投資勉強会	7089	フォースタートアップス	2155	1739	-19.3%										
ぺるる	湘南投資勉強会	5125	ファインズ	1335	574	-57.0%					銭闘志	湘南投資勉強会	8345	岩手銀行	1927	2501	29.8%										
yama	湘南投資勉強会	5125	ファインズ	1335	574	-57.0%					銭闘志	湘南投資勉強会	8377	ほくほくフィナンシャルＧ	950	1523.5	60.4%										
よしぼん	神戸投資勉強会	5125	ファインズ	1335	574	-57.0%					大きなかぶ	湘南投資勉強会	9552	Ｍ＆Ａ総合研究所	2013.3333	4475	122.3%										
らう	湘南投資勉強会	5127	グッピーズ	1523	2649	73.9%					roku	湘南投資勉強会	3979	うるる	1479	1600	8.2%										
株ポン　pekepeke	湘南投資勉強会	5127	グッピーズ	1523	2649	73.9%					roku	湘南投資勉強会	4262	ニフティライフスタイル	857	837	-2.3%										
ヒデゾー	湘南投資勉強会	5127	グッピーズ	1523	2649	73.9%					roku	湘南投資勉強会	6049	イトクロ	271	328	21.0%										
モモクリン（momokurin）	湘南投資勉強会	5129	ＦＩＸＥＲ	2223	1391	-37.4%					栗エイタ	湘南投資勉強会	3675	クロス・マーケティングＧ	741	557	-24.8%										
オニール好きの投資家	湘南投資勉強会	5129	ＦＩＸＥＲ	2223	1391	-37.4%					栗エイタ	湘南投資勉強会	4531	有機合成薬品	289	282	-2.4%										
hide	湘南投資勉強会	5136	ｔｒｉｐｌａ	2000	1575	-21.3%					よっしー??	神戸投資勉強会	3415	ＴＯＫＹＯＢＡＳＥ	297	302	1.7%										
ののこ	神戸投資勉強会	5136	ｔｒｉｐｌａ	2000	1575	-21.3%					らう	湘南投資勉強会	4667	アイサンテクノロジー	1537	1652	7.5%										
きよし(湘南)	湘南投資勉強会	5136	ｔｒｉｐｌａ	2000	1575	-21.3%					らう	湘南投資勉強会	5127	グッピーズ	1523	2649	73.9%										
モモクリン（momokurin）	湘南投資勉強会	5136	ｔｒｉｐｌａ	2000	1575	-21.3%					らう	湘南投資勉強会	6033	エクストリーム	1190	1235	3.8%										
サントーシー	湘南投資勉強会	5136	ｔｒｉｐｌａ	2000	1575	-21.3%					らう	湘南投資勉強会	7081	コーユーレンティア	1470	2070	40.8%										
ayame	湘南投資勉強会	5136	ｔｒｉｐｌａ	2000	1575	-21.3%					よっしー??	神戸投資勉強会	7298	八千代工業	1280	1388	8.4%										
カリティクス	湘南投資勉強会	5136	ｔｒｉｐｌａ	2000	1575	-21.3%					よっしー??	神戸投資勉強会	7600	日本エム・ディ・エム	836	759	-9.2%										
Kent	湘南投資勉強会	5136	ｔｒｉｐｌａ	2000	1575	-21.3%					よっしー??	神戸投資勉強会	7636	ハンズマン	985	942	-4.4%										
先高	湘南投資勉強会	5136	ｔｒｉｐｌａ	2000	1575	-21.3%					らう	湘南投資勉強会	7725	インターアクション	1588	1083	-31.8%										
サバイブ51	湘南投資勉強会	5139	オープンワーク	1058.75	841	-20.6%					よっしー??	神戸投資勉強会	2107	東洋精糖	854	2040	138.9%										
タカ@takanovalue	神戸投資勉強会	5194	相模ゴム	733	899	22.6%					きよし(湘南)	湘南投資勉強会	3931	バリューゴルフ	1346	926	-31.2%										
新田明くん	神戸投資勉強会	5218	オハラ	1107	1087	-1.8%					ヒデゾー	湘南投資勉強会	9204	スカイマーク	1382	1014	-26.6%										
タイ	湘南投資勉強会	5244	ＪＩＧ．ＪＰ	454	319	-29.7%					ロニー	湘南投資勉強会	7140	ペットゴー	1107	1254	13.3%										
rei	神戸投資勉強会	5288	アジアパイルＨＤ	560	703	25.5%					かんざき	湘南投資勉強会	4442	バルテス	945.3333	967	2.3%										
キリン@神戸投資勉強会	神戸投資勉強会	5288	アジアパイルＨＤ	560	703	25.5%					かんざき	湘南投資勉強会	8515	アイフル	376	380	1.1%										
ふくろう	湘南投資勉強会	5310	東洋炭素	3720	4785	28.6%					かっつ、	神戸投資勉強会	7849	スターツ出版	2940	3685	25.3%										
ひんご	湘南投資勉強会	5381	ＭＩＰＯＸ	719	452	-37.1%					栗エイタ	湘南投資勉強会	9229	サンウェルズ	2310	2496	8.1%										
銭闘志	湘南投資勉強会	5401	日本製鉄	2368	3230	36.4%					えびす	湘南投資勉強会	7781	平山ホールディングス	683	940	37.6%										
でふし	神戸投資勉強会	5444	大和工業	4505	7441	65.2%					thun	湘南投資勉強会	2427	アウトソーシング	939	1740	85.3%										
雪	神戸投資勉強会	5726	大阪チタニウム	3850	2712	-29.6%					ロニー	湘南投資勉強会	3326	ランシステム	323	385	19.2%										
josui	湘南投資勉強会	5726	大阪チタニウム	3850	2712	-29.6%					ロニー	湘南投資勉強会	福3047	トラックワン	278	380	36.7%										
でふし	神戸投資勉強会	5727	東邦チタニウム	2598	1896	-27.0%					りんたん	湘南投資勉強会	4875	メディシノバ・インク	315	210	-33.3%										
hide	湘南投資勉強会	5803	フジクラ	968	1084.5	12.0%					サントーシー	湘南投資勉強会	3496	アズーム	4930	7200	46.0%										
株ポン　pekepeke	湘南投資勉強会	5830	いよぎんホールディンク	694	947.2	36.5%					うわん	神戸投資勉強会	3665	エニグモ	651	367	-43.6%										
サントーシー	湘南投資勉強会	5834	ＳＢＩリーシングサービス	2935	2547	-13.2%					モモクリン（momokurin）	湘南投資勉強会	3903	ｇｕｍｉ	919	443	-51.8%										
キリン@神戸投資勉強会	神戸投資勉強会	5852	アーレステイ	442	704	59.3%					tony	神戸投資勉強会	4833	ＳＵＣＣＥＳＳＨＯＬＤＥＲＳ	104	96	-7.7%										
栗エイタ	湘南投資勉強会	5902	ホッカンホールディングス	1348	1626	20.6%					きよし(神戸)	神戸投資勉強会	2196	エスクリ	309	294	-4.9%										
めそ	湘南投資勉強会	5932	三協立山	535	783	46.4%					あせろら	湘南投資勉強会	9554	ＡＶｉＣ	1174	776	-33.9%										
SHINJI	神戸投資勉強会	5981	東京製綱	855	1335	56.1%					yama	湘南投資勉強会	9554	ＡＶｉＣ	1174	776	-33.9%										
ののこ	神戸投資勉強会	5981	東京製綱	855	1335	56.1%					yama	湘南投資勉強会	9556	ＩＮＴＬＯＯＰ	6290	3245	-48.4%										
josui	湘南投資勉強会	6016	ジャパンエンジンコーポ	1253	7180	473.0%					AK	湘南投資勉強会	2978	ツクルバ	728	854	17.3%				AK	湘南投資勉強会	9552	Ｍ＆Ａ総合研究所	2013.3333	4475	122.3%
愛鷹	湘南投資勉強会	6023	ダイハツデイ－ゼル	509	985	93.5%					Nami	湘南投資勉強会	9215	ＣＡＳＹ	800	923	15.4%										
くま	湘南投資勉強会	6027	弁護士ドットコム	2619	4355	66.3%					tanki	神戸投資勉強会	4169	ＥＮＥＣＨＡＮＧＥ	1038	1035	-0.3%										
らう	湘南投資勉強会	6033	エクストリーム	1190	1235	3.8%					てざわり	湘南投資勉強会	4019	スタメン	636	807	26.9%										
めがね	湘南投資勉強会	6035	アイ・アールジャパンＨＤ	1754	1518	-13.5%					やっしー	神戸投資勉強会	6390	加藤製作所	699	1265	81.0%										
先高	湘南投資勉強会	6040	日本スキー場開発	1014	938	-7.5%					ポンポコたぬき	神戸投資勉強会	2170	リンクアンドモチベーション	627	557	-11.2%										
ﾐﾘｵﾝﾊﾞｶﾞｰ	神戸投資勉強会	6040	日本スキー場開発	1014	938	-7.5%					ポンポコたぬき	神戸投資勉強会	7110	クラシコム	1401	1340	-4.4%										
かもめ	湘南投資勉強会	6042	ニッキ	1772	2378	34.2%					えびす	湘南投資勉強会	3179	シュッピン	1222	1187	-2.9%										
タカ@takanovalue	神戸投資勉強会	6046	リンクバル	208	174	-16.3%					ゆっき	湘南投資勉強会	4387	ＺＵＵ	962	672	-30.1%										
ﾐﾘｵﾝﾊﾞｶﾞｰ	神戸投資勉強会	6046	リンクバル	208	174	-16.3%					ゆっき	湘南投資勉強会	5074	テスホールディングス	738	436	-40.9%										
roku	湘南投資勉強会	6049	イトクロ	271	328	21.0%					きよし(神戸)	神戸投資勉強会	6172	メタップス	560	886	58.2%										
あんこ	湘南投資勉強会	6058	ベクトル	1274	1134	-11.0%					むね坊主	神戸投資勉強会	7279	ハイレックスコーポレーション	1075	1359	26.4%										
たぐけん	湘南投資勉強会	6061	ユニバーサル園芸社	3115	3515	12.8%					さざなみ	湘南投資勉強会	RIOT	ライオット	5.64	15.47	174.3%										
イタル	湘南投資勉強会	6062	チャームケアコーポレーション	1208	1267	4.9%					たぐけん	湘南投資勉強会	7079	ＷＤＢココ	5550	4645	-16.3%										
タイ	湘南投資勉強会	6067	インパクトＨＤ	3890	4490	15.4%					くま	湘南投資勉強会	3900	クラウドワークス	1510	1266	-16.2%										
あせろら	湘南投資勉強会	6067	インパクトＨＤ	3890	4490	15.4%					くま	湘南投資勉強会	3914	ＪＩＧ－ＳＡＷ	4575	4630	1.2%										
バシマエ	湘南投資勉強会	6067	インパクトＨＤ	3890	4490	15.4%					クロロ	神戸投資勉強会	6571	キュービーネットＨＬＤＧＳ	1339	1500	12.0%										
銭闘志	湘南投資勉強会	6083	ＥＲＩホールディングス	1165	1712	47.0%					あせろら	湘南投資勉強会	4169	ＥＮＥＣＨＡＮＧＥ	1038	1035	-0.3%										
タイ	湘南投資勉強会	6083	ＥＲＩホールディングス	1165	1712	47.0%					あせろら	湘南投資勉強会	8151	東陽テクニカ	1314	1413	7.5%										
ひんご	湘南投資勉強会	6104	芝浦機械	2700	3460	28.1%					かもめ	湘南投資勉強会	6042	ニッキ	1772	2378	34.2%										
rurio	神戸投資勉強会	6121	ＴＡＫＩＳＡＷＡ	1076	2595	141.2%					fukufukurou	神戸投資勉強会	4977	新田ゼラチン	830	761	-8.3%				えびす	湘南投資勉強会	7014	名村造船所	383	1266	230.5%
サバイブ51	湘南投資勉強会	6131	浜井産業	1147	1431	24.8%					きよし(湘南)	湘南投資勉強会	4331	テイクアンドギヴニーズ	1413	1185	-16.1%										
サバイブ51	湘南投資勉強会	6158	和井田製作所	953	1029	8.0%					タイ	湘南投資勉強会	7640	トップカルチャー	180	158	-12.2%										
きよし(湘南)	湘南投資勉強会	6172	メタップス	560	886	58.2%					yama	湘南投資勉強会	7140	ペットゴー	1107	1254	13.3%										
きよし(神戸)	神戸投資勉強会	6172	メタップス	560	886	58.2%					yama	湘南投資勉強会	9271	和心	441	376	-14.7%										
お多福	湘南投資勉強会	6184	鎌倉新書	942	553	-41.3%					初心	湘南投資勉強会	7456	松田産業	2243	2396	6.8%										
きよし(神戸)	神戸投資勉強会	6186	一蔵	444	582	31.1%					オニール好きの投資家	湘南投資勉強会	4419	ＦＩＮＡＴＥＸＴホールディンク	496	662	33.5%										
きよし(湘南)	湘南投資勉強会	6186	一蔵	444	582	31.1%					オニール好きの投資家	湘南投資勉強会	7095	ＭＡＣＢＥＥＰＬＡＮＥＴ	10330	18500	79.1%										
ぺるる	湘南投資勉強会	6190	フェニックスバイオ	692	466	-32.7%					株ピ孔明	神戸投資勉強会	7071	アンビスホールディングス	3290	3005	-8.7%										
ポンポコたぬき	神戸投資勉強会	6226	守谷輸送機工業	748	1246	66.6%					SHINJI	神戸投資勉強会	3880	大王製紙	987	1123	13.8%										
茶々丸	神戸投資勉強会	6226	守谷輸送機工業	748	1246	66.6%					tanki	神戸投資勉強会	4439	東名	1670	1818	8.9%										
先高	湘南投資勉強会	6226	守谷輸送機工業	748	1246	66.6%					SHINJI	神戸投資勉強会	4751	サイバーエージェント	1159	885.1	-23.6%										
グコウさん	神戸投資勉強会	6226	守谷輸送機工業	748	1246	66.6%					SHINJI	神戸投資勉強会	5981	東京製綱	855	1335	56.1%										
トム	湘南投資勉強会	6226	守谷輸送機工業	748	1246	66.6%					SHINJI	神戸投資勉強会	7256	河西工業	133	193	45.1%										
hide	湘南投資勉強会	6235	オプトラン	2465	1631	-33.8%					株ポン　pekepeke	湘南投資勉強会	札2928	ライザップ	140	266	90.0%										
アディ	湘南投資勉強会	6238	フリュー	1039	1394	34.2%					えむ	湘南投資勉強会	7386	ジャパンワランティサポート	2730	3850	41.0%										
スーパーこさく	神戸投資勉強会	6245	ヒラノテクシード	2332	1799	-22.9%					リネラブ	神戸投資勉強会	6460	セガサミーホールディングス	1928	1972	2.3%										
nobukichi?49	湘南投資勉強会	6249	ゲームカード・ジョイコＨＤ	2051	2240	9.2%					シャカ	湘南投資勉強会	4390	ＩＰＳ	2704	2093	-22.6%										
よしぼん	神戸投資勉強会	6258	平田機工	5540	6290	13.5%					ココア	湘南投資勉強会	7608	エスケイジャパン	603	779	29.2%										
hokusansan1	神戸投資勉強会	6266	タツモ	1625	2770	70.5%					rurio	神戸投資勉強会	3679	じげん	374	531	42.0%										
sasuke N	湘南投資勉強会	6323	ローツェ	7680	15060	96.1%					KM Kevin	神戸投資勉強会	GOOG	アルファベットC	89.24	140.93	57.9%										
rurio	神戸投資勉強会	6330	東洋エンジニア	592	787	32.9%					オニール好きの投資家	湘南投資勉強会	9560	プログリット	256	907	254.3%										
トム	湘南投資勉強会	6337	テセック	2927	2422	-17.3%					ヨシ	湘南投資勉強会	3861	王子ホールディングス	518	543	4.8%										
カリティクス	湘南投資勉強会	6337	テセック	2927	2422	-17.3%					ヨシ	湘南投資勉強会	4192	スパイダープラス	651	739	13.5%										
ひんご	湘南投資勉強会	6337	テセック	2927	2422	-17.3%					ヨシ	湘南投資勉強会	札5039	キットアライブ	1134	1180	4.1%										
加藤バネ男	神戸投資勉強会	6357	三精テクノロジーズ	783	1151	47.0%					あせろら	湘南投資勉強会	6539	ＭＳ－Ｊａｐａｎ	1053	1134	7.7%										
やっしー	神戸投資勉強会	6390	加藤製作所	699	1265	81.0%					rei	神戸投資勉強会	3979	うるる	1479	1600	8.2%										
銭闘志	湘南投資勉強会	6395	タダノ	900	1179	31.0%					お多福	湘南投資勉強会	3791	ＩＧポート	2154	4680	117.3%										
よっしー??	神戸投資勉強会	6403	水道機工	1329	1475	11.0%					サントーシー	湘南投資勉強会	9272	ブティックス	1877.5	1575	-16.1%										
雑魚投資家ベイベ	湘南投資勉強会	6425	ユニバーサルエンターテインメン	2377	2300	-3.2%					ふう	神戸投資勉強会	3526	芦森工業	1235	2014	63.1%										
かっつ、	神戸投資勉強会	6425	ユニバーサルエンターテインメン	2377	2300	-3.2%					ひんご	湘南投資勉強会	5381	ＭＩＰＯＸ	719	452	-37.1%										
josui	湘南投資勉強会	6425	ユニバーサルエンターテインメン	2377	2300	-3.2%					ひんご	湘南投資勉強会	7374	コンフィデンス	1963	1557	-20.7%										
リネラブ	神戸投資勉強会	6460	セガサミーホールディングス	1928	1972	2.3%					トム	湘南投資勉強会	6226	守谷輸送機工業	748	1246	66.6%										
tony	神戸投資勉強会	6492	岡野バルブ	3350	3160	-5.7%					ぺるる	湘南投資勉強会	4334	ユークス	1206	541	-55.1%										
tony	神戸投資勉強会	6521	オキサイド	4405	3200	-27.4%					りんたん	湘南投資勉強会	5125	ファインズ	1335	574	-57.0%										
株ピ孔明	神戸投資勉強会	6526	ソシオネクスト	1366	2560	87.4%					oct	湘南投資勉強会	4262	ニフティライフスタイル	857	837	-2.3%										
ふう	神戸投資勉強会	6533	ＯＲＣＨＥＳＴＲＡＨＬＤＧＳ	1870	1116	-40.3%					初心	湘南投資勉強会	7038	フロンティア・マネジメント	1282	1511	17.9%										
葵堂	神戸投資勉強会	6539	ＭＳ－Ｊａｐａｎ	1053	1134	7.7%					タイ	湘南投資勉強会	1689	ＷＴ天然ガス上場投	3750	1551	-58.6%										
あせろら	湘南投資勉強会	6539	ＭＳ－Ｊａｐａｎ	1053	1134	7.7%					タイ	湘南投資勉強会	9262	シルバーライフ	1762	893	-49.3%										
タイ	湘南投資勉強会	6549	ディーエムソリューションズ	1053	1191	13.1%					さざなみ	湘南投資勉強会	MARA	マラソンデジタル	5.75	23.49	308.5%										
タカ@takanovalue	神戸投資勉強会	6550	Ｕｎｉｐｏｓ	144	157	9.0%					シャカ	湘南投資勉強会	9554	ＡＶｉＣ	1174	776	-33.9%										
きよし(湘南)	湘南投資勉強会	6554	エスユーエス	865	707	-18.3%					ヨシ	湘南投資勉強会	2411	ゲンダイエージェンシー	366	377	3.0%										
きよし(神戸)	神戸投資勉強会	6554	エスユーエス	865	707	-18.3%					よしぼん	神戸投資勉強会	2726	パルグループＨＬＤＧＳ	1271.5	2464	93.8%										
イタル	湘南投資勉強会	6555	ＭＳ＆ＣＯＮＳＵＬＴＩＮＧ	613	713	16.3%					くま	湘南投資勉強会	4414	フレクト	2093	4555	117.6%										
タカ@takanovalue	神戸投資勉強会	6555	ＭＳ＆ＣＯＮＳＵＬＴＩＮＧ	613	713	16.3%					くま	湘南投資勉強会	6027	弁護士ドットコム	2619	4355	66.3%										
うわん	神戸投資勉強会	6560	エル・ティー・エス	2735	2892	5.7%					たぐけん	湘南投資勉強会	2146	ＵＴグループ	2399	2444	1.9%										
シャカ	湘南投資勉強会	6560	エル・ティー・エス	2735	2892	5.7%					たぐけん	湘南投資勉強会	4450	パワーソリューションズ	2460	2485	1.0%										
あちし	湘南投資勉強会	6560	エル・ティー・エス	2735	2892	5.7%					たぐけん	湘南投資勉強会	6061	ユニバーサル園芸社	3115	3515	12.8%										
クロロ	神戸投資勉強会	6571	キュービーネットＨＬＤＧＳ	1339	1500	12.0%					サントーシー	湘南投資勉強会	7038	フロンティア・マネジメント	1282	1511	17.9%										
ロニー	湘南投資勉強会	6574	コンヴァノ	480	694	44.6%					アディ	湘南投資勉強会	1429	日本アクア	790	887	12.3%										
ねこじろー	湘南投資勉強会	6574	コンヴァノ	480	694	44.6%					アディ	湘南投資勉強会	6238	フリュー	1039	1394	34.2%										
ロニー	湘南投資勉強会	6577	ベストワンドットコム	1686	3815	126.3%					hide	湘南投資勉強会	5803	フジクラ	968	1084.5	12.0%				カリティクス	湘南投資勉強会	6632	ＪＶＣケンウッド	348	741	112.9%
fukufukurou	神戸投資勉強会	6577	ベストワンドットコム	1686	3815	126.3%					hide	湘南投資勉強会	7279	ハイレックスコーポレーション	1075	1359	26.4%				お多福	湘南投資勉強会	3791	ＩＧポート	2154	4680	117.3%
ねこじろー	湘南投資勉強会	6578	エヌリンクス	179	259	44.7%					あちし	湘南投資勉強会	4490	ビザスク	1356	951	-29.9%										
大きなかぶ	湘南投資勉強会	6578	エヌリンクス	179	259	44.7%					アディ	湘南投資勉強会	9696	ウィザス	890	1741	95.6%										
あそびにん (KN)	湘南投資勉強会	6580	ライトアップ	938	666	-29.0%					ロニー	湘南投資勉強会	6574	コンヴァノ	480	694	44.6%										
ポンポコたぬき	神戸投資勉強会	6625	ＪＡＬＣＯホールディングス	242	232	-4.1%					ふくろう	湘南投資勉強会	3697	ＳＨＩＦＴ	23760	35820	50.8%										
するが	湘南投資勉強会	6625	ＪＡＬＣＯホールディングス	242	232	-4.1%					ふう	神戸投資勉強会	3903	ｇｕｍｉ	919	443	-51.8%										
Kent	湘南投資勉強会	6625	ＪＡＬＣＯホールディングス	242	232	-4.1%					ふう	神戸投資勉強会	4436	ミンカブ・ジ・インフォノイト	2458	1506	-38.7%										
クロロ	神戸投資勉強会	6625	ＪＡＬＣＯホールディングス	242	232	-4.1%					ふう	神戸投資勉強会	4936	アクシージア	1538	876	-43.0%										
先高	湘南投資勉強会	6625	ＪＡＬＣＯホールディングス	242	232	-4.1%					ふくろう	湘南投資勉強会	5310	東洋炭素	3720	4785	28.6%										
かんざき	湘南投資勉強会	6625	ＪＡＬＣＯホールディングス	242	232	-4.1%					ふう	神戸投資勉強会	6533	ＯＲＣＨＥＳＴＲＡＨＬＤＧＳ	1870	1116	-40.3%										
トム	湘南投資勉強会	6625	ＪＡＬＣＯホールディングス	242	232	-4.1%					ふくろう	湘南投資勉強会	6632	ＪＶＣケンウッド	348	741	112.9%										
モモクリン（momokurin）	湘南投資勉強会	6625	ＪＡＬＣＯホールディングス	242	232	-4.1%					ふくろう	湘南投資勉強会	8130	サンゲツ	2125	3100	45.9%										
やまち	神戸投資勉強会	6629	テクノホライゾン	511	499	-2.3%					ピノキオ	神戸投資勉強会	9509	北海道電力	445	624.6	40.4%										
thun	湘南投資勉強会	6630	ヤーマン	1357	1006	-25.9%					りんたん	湘南投資勉強会	8596	九州リースサービス	741	1015	37.0%										
ふくろう	湘南投資勉強会	6632	ＪＶＣケンウッド	348	741	112.9%					kenmo	湘南投資勉強会	2981	ランディックス	2339	2421	3.5%				ロニー	湘南投資勉強会	6577	ベストワンドットコム	1686	3815	126.3%
kenmo	湘南投資勉強会	6632	ＪＶＣケンウッド	348	741	112.9%					kenmo	湘南投資勉強会	3486	グロバルリンクマネジメント	1078	2196	103.7%				めそ	湘南投資勉強会	7318	セレンディップ・ホールディ	689	1664	141.5%
カリティクス	湘南投資勉強会	6632	ＪＶＣケンウッド	348	741	112.9%					kenmo	湘南投資勉強会	4439	東名	1670	1818	8.9%				よっしー??	神戸投資勉強会	2107	東洋精糖	854	2040	138.9%
Kent	湘南投資勉強会	6632	ＪＶＣケンウッド	348	741	112.9%					kenmo	湘南投資勉強会	6932	遠藤照明	725	1201	65.7%				ゆうと	神戸投資勉強会	3299	ムゲンエステート	476	1082	127.3%
ケンヂ	湘南投資勉強会	6632	ＪＶＣケンウッド	348	741	112.9%					kenmo	湘南投資勉強会	7561	ハークスレイ	825	878	6.4%				リネラブ	神戸投資勉強会	2652	まんだらけ	1002	2232	122.8%
ふう	神戸投資勉強会	6656	インスペック	946	1041	10.0%					シャカ	湘南投資勉強会	3561	力の源ＨＤ	1018	1428	40.3%										
ヒデゾー	湘南投資勉強会	6656	インスペック	946	1041	10.0%					しのぴー横綱若三杉	神戸投資勉強会	MRNA	モデルナ	189.65	99.45	-47.6%										
茶々丸	神戸投資勉強会	6658	シライ電子工業	487	530	8.8%					スーパーこさく	神戸投資勉強会	3540	歯愛メディカル	5260	4200	-20.2%										
アリ	湘南投資勉強会	6694	ズーム	1069	942	-11.9%					めがね	湘南投資勉強会	7794	イーディーピー	3950	1796	-54.5%										
株ポン　pekepeke	湘南投資勉強会	6697	テックポイント・インクＪＤＲ	916	1477	61.2%					tio	湘南投資勉強会	4026	神島化学	1578	1398	-11.4%										
あんこ	湘南投資勉強会	6697	テックポイント・インクＪＤＲ	916	1477	61.2%					tio	湘南投資勉強会	4527	ロート製薬	2170	2843	31.0%										
リネラブ	神戸投資勉強会	6730	アクセル	1609	2158	34.1%					えむ	湘南投資勉強会	9564	ＦＣＥＨＯＬＤＩＮＧＳ	1621	2264	39.7%										
かもめ	湘南投資勉強会	6731	ピクセラ	700	150	-78.6%					茶々丸	神戸投資勉強会	4490	ビザスク	1356	951	-29.9%										
hokusansan1	神戸投資勉強会	6768	タムラ製作所	715	555	-22.4%					リネラブ	神戸投資勉強会	6730	アクセル	1609	2158	34.1%										
hokusansan1	神戸投資勉強会	6779	日本電波工業	1519	1257	-17.2%					ゆに	神戸投資勉強会	3167	ＴＯＫＡＩホールディングス	844	963	14.1%										
でふし	神戸投資勉強会	6779	日本電波工業	1519	1257	-17.2%					ヨシ	湘南投資勉強会	7180	九州フィナンシャルＧ	440	814.8	85.2%										
かんざき	湘南投資勉強会	6798	ＳＭＫ	2306	2562	11.1%					サントーシー	湘南投資勉強会	5834	ＳＢＩリーシングサービス	2935	2547	-13.2%										
hokusansan1	神戸投資勉強会	6844	新電元工業	3145	3030	-3.7%					ふう	神戸投資勉強会	4174	アピリッツ	1139	1040	-8.7%										
SHINJI	神戸投資勉強会	6857	アドバンテスト	2167.5	4797	121.3%					hokusansan1	神戸投資勉強会	6779	日本電波工業	1519	1257	-17.2%				さざなみ	湘南投資勉強会	RIOT	ライオット	5.64	15.47	174.3%
あんこ	湘南投資勉強会	6864	エヌエフホールディングス	932	1485	59.3%					tony	神戸投資勉強会	6492	岡野バルブ	3350	3160	-5.7%										
アリ	湘南投資勉強会	6879	ＩＭＡＧＩＣＡＧＲＯＵＰ	638	638	0.0%					バシマエ	湘南投資勉強会	4419	ＦＩＮＡＴＥＸＴホールディンク	496	662	33.5%										
アリ	湘南投資勉強会	6918	アバールデータ	4010	6740	68.1%					SHINJI	神戸投資勉強会	6857	アドバンテスト	2167.5	4797	121.3%										
kenmo	湘南投資勉強会	6932	遠藤照明	725	1201	65.7%					tanki	神戸投資勉強会	9227	マイクロ波化学	2235	1268	-43.3%										
むね坊主	神戸投資勉強会	6946	日本アビオニクス	3650	8200	124.7%					hide	湘南投資勉強会	2681	ゲオホールディングス	1977	2122	7.3%				カリティクス	湘南投資勉強会	3498	霞ヶ関キャピタル	4435	8960	102.0%
ヒデゾー	湘南投資勉強会	6966	三井ハイテック	6550	7360	12.4%					さざなみ	湘南投資勉強会	INMD	インモード	36.7	22.24	-39.4%										
てざわり	湘南投資勉強会	6998	日本タングステン	1208	1204	-0.3%					ぱふぇっと	神戸投資勉強会	2982	ＡＤワークスグループ	140	236	68.6%										
えびす	湘南投資勉強会	7014	名村造船所	383	1266	230.5%					altama7772	神戸投資勉強会	3652	ディジタルメディアプロ	2545	2630	3.3%				kenmo	湘南投資勉強会	3486	グロバルリンクマネジメント	1078	2196	103.7%
サントーシー	湘南投資勉強会	7038	フロンティア・マネジメント	1282	1511	17.9%					キリン@神戸投資勉強会	神戸投資勉強会	2934	ジェイフロンティア	2711	4300	58.6%										
thun	湘南投資勉強会	7038	フロンティア・マネジメント	1282	1511	17.9%					キリン@神戸投資勉強会	神戸投資勉強会	3498	霞ヶ関キャピタル	4435	8960	102.0%										
初心	湘南投資勉強会	7038	フロンティア・マネジメント	1282	1511	17.9%					キリン@神戸投資勉強会	神戸投資勉強会	4174	アピリッツ	1139	1040	-8.7%										
ゆっき	湘南投資勉強会	7038	フロンティア・マネジメント	1282	1511	17.9%					キリン@神戸投資勉強会	神戸投資勉強会	5071	ヴィス	1055	1009	-4.4%										
みなと	湘南投資勉強会	7038	フロンティア・マネジメント	1282	1511	17.9%					キリン@神戸投資勉強会	神戸投資勉強会	5288	アジアパイルＨＤ	560	703	25.5%										
うさみん	湘南投資勉強会	7038	フロンティア・マネジメント	1282	1511	17.9%					キリン@神戸投資勉強会	神戸投資勉強会	5852	アーレステイ	442	704	59.3%										
シャカ	湘南投資勉強会	7038	フロンティア・マネジメント	1282	1511	17.9%					キリン@神戸投資勉強会	神戸投資勉強会	8215	銀座山形屋	785	1093	39.2%										
ayame	湘南投資勉強会	7047	ポート	1078	2357	118.6%					josui	湘南投資勉強会	6016	ジャパンエンジンコーポ	1253	7180	473.0%				しのぴー横綱若三杉	神戸投資勉強会	2652	まんだらけ	1002	2232	122.8%
ちぃ	湘南投資勉強会	7047	ポート	1078	2357	118.6%					josui	湘南投資勉強会	7157	ライフネット生命保険	1160	1175	1.3%				ちぃ	湘南投資勉強会	2998	クリアル	2068	5150	149.0%
yama	湘南投資勉強会	7047	ポート	1078	2357	118.6%					josui	湘南投資勉強会	TSLA	テスラ	118.85	248.48	109.1%				しのぴー横綱若三杉	神戸投資勉強会	3791	ＩＧポート	2154	4680	117.3%
うさみん	湘南投資勉強会	7047	ポート	1078	2357	118.6%					josui	湘南投資勉強会	札2928	ライザップ	140	266	90.0%				スーパーこさく	神戸投資勉強会	2820	やまみ	1390	3530	154.0%
kenmo	湘南投資勉強会	7059	コプロ・ホールディングス	504	1525	202.6%					altama7772	神戸投資勉強会	3903	ｇｕｍｉ	919	443	-51.8%				Kent	湘南投資勉強会	6632	ＪＶＣケンウッド	348	741	112.9%
roku	湘南投資勉強会	7059	コプロ・ホールディングス	504	1525	202.6%					ayame	湘南投資勉強会	7047	ポート	1078	2357	118.6%				KM Kevin	神戸投資勉強会	TSLA	テスラ	118.85	248.48	109.1%
愛鷹	湘南投資勉強会	7061	日本ホスピスＨＬＤＧＳ	2381	2264	-4.9%					ぺるる	湘南投資勉強会	6190	フェニックスバイオ	692	466	-32.7%										
うさみん	湘南投資勉強会	7064	ハウテレビジョン	3705	3100	-16.3%					ゆっき	湘南投資勉強会	4429	リックソフト	1791	1437	-19.8%										
あちし	湘南投資勉強会	7065	ユーピーアール	1134	2050	80.8%					rei	神戸投資勉強会	4026	神島化学	1578	1398	-11.4%										
株ピ孔明	神戸投資勉強会	7071	アンビスホールディングス	3290	3005	-8.7%					まいる	湘南投資勉強会	5125	ファインズ	1335	574	-57.0%										
モモクリン（momokurin）	湘南投資勉強会	7072	インティメート・マージャー	1277	1072	-16.1%					ゆうと	神戸投資勉強会	3299	ムゲンエステート	476	1082	127.3%										
yama	湘南投資勉強会	7074	２４セブン	328	235	-28.4%					ロニー	湘南投資勉強会	7369	メイホーホールディングス	1161	2547	119.4%										
たぐけん	湘南投資勉強会	7079	ＷＤＢココ	5550	4645	-16.3%					ゆっき	湘南投資勉強会	3441	山王	928	873	-5.9%										
するが	湘南投資勉強会	7080	スポーツフィールド	922.5	1718	86.2%					oct	湘南投資勉強会	5034	ＵＮＥＲＲＹ	2305	2055	-10.8%										
らう	湘南投資勉強会	7081	コーユーレンティア	1470	2070	40.8%					あんこ	湘南投資勉強会	4980	デクセリアルズ	2591	4126	59.2%										
リネラブ	神戸投資勉強会	7087	ウイルテック	869	860	-1.0%					ヒデゾー	湘南投資勉強会	5127	グッピーズ	1523	2649	73.9%										
大きなかぶ	湘南投資勉強会	7089	フォースタートアップス	2155	1739	-19.3%					よしぼん	神戸投資勉強会	4587	ペプチドリーム	1983	1486.5	-25.0%										
AK	湘南投資勉強会	7089	フォースタートアップス	2155	1739	-19.3%					よしぼん	神戸投資勉強会	6258	平田機工	5540	6290	13.5%										
みなと	湘南投資勉強会	7094	ＮＥＸＴＯＮＥ	4070	1213	-70.2%					茶々丸	神戸投資勉強会	4026	神島化学	1578	1398	-11.4%										
バシマエ	湘南投資勉強会	7095	ＭＡＣＢＥＥＰＬＡＮＥＴ	10330	18500	79.1%					roku	湘南投資勉強会	5070	ドラフト	375	707	88.5%										
オニール好きの投資家	湘南投資勉強会	7095	ＭＡＣＢＥＥＰＬＡＮＥＴ	10330	18500	79.1%					roku	湘南投資勉強会	7059	コプロ・ホールディングス	504	1525	202.6%										
ポンポコたぬき	神戸投資勉強会	7110	クラシコム	1401	1340	-4.4%					ふくろう	湘南投資勉強会	7794	イーディーピー	3950	1796	-54.5%										
シャカ	湘南投資勉強会	7110	クラシコム	1401	1340	-4.4%					ふくろう	湘南投資勉強会	9556	ＩＮＴＬＯＯＰ	6290	3245	-48.4%										
グコウさん	神戸投資勉強会	7114	フーディソン	2743	1647	-40.0%					秋吉義明	湘南投資勉強会	3793	ドリコム	845	851	0.7%										
イタル	湘南投資勉強会	7134	クルーバー	543.3333	736	35.5%					えびす	湘南投資勉強会	1929	日特建設	905	1061	17.2%										
ロニー	湘南投資勉強会	7140	ペットゴー	1107	1254	13.3%					ココア	湘南投資勉強会	2146	ＵＴグループ	2399	2444	1.9%										
サントーシー	湘南投資勉強会	7140	ペットゴー	1107	1254	13.3%					ココア	湘南投資勉強会	4478	フリー	2928	3055	4.3%										
yama	湘南投資勉強会	7140	ペットゴー	1107	1254	13.3%					ココア	湘南投資勉強会	7408	ジャムコ	1390	1589	14.3%										
josui	湘南投資勉強会	7157	ライフネット生命保険	1160	1175	1.3%					ねこじろー	湘南投資勉強会	6574	コンヴァノ	480	694	44.6%										
りんたん	湘南投資勉強会	7180	九州フィナンシャルＧ	440	814.8	85.2%					rei	神戸投資勉強会	3798	ＵＬＳグループ	3670	4325	17.8%										
ヨシ	湘南投資勉強会	7180	九州フィナンシャルＧ	440	814.8	85.2%					rei	神戸投資勉強会	5288	アジアパイルＨＤ	560	703	25.5%										
スーパーこさく	神戸投資勉強会	7187	ジェイリース	2615	2154	-17.6%					ヨシ	湘南投資勉強会	3358	ワイエスフード	393	405	3.1%										
rei	神戸投資勉強会	7191	イントラスト	828	792	-4.3%					ふくろう	湘南投資勉強会	7849	スターツ出版	2940	3685	25.3%										
あさか	湘南投資勉強会	7199	プレミアグループ	1600	1823	13.9%					ケンヂ	湘南投資勉強会	9554	ＡＶｉＣ	1174	776	-33.9%										
栗エイタ	湘南投資勉強会	7212	エフテック	508	638	25.6%					かんざき	湘南投資勉強会	6798	ＳＭＫ	2306	2562	11.1%										
かもめ	湘南投資勉強会	7228	デイトナ	3310	3000	-9.4%					ﾐﾘｵﾝﾊﾞｶﾞｰ	神戸投資勉強会	6046	リンクバル	208	174	-16.3%										
まいる	湘南投資勉強会	7235	東京ラヂエ－タ－	700	696	-0.6%					ぱふぇっと	神戸投資勉強会	3842	ネクストジェン	666	718	7.8%										
やっしー	神戸投資勉強会	7256	河西工業	133	193	45.1%					あちし	湘南投資勉強会	4177	ｉ‐ｐｌｕｇ	1320	1158	-12.3%										
むね坊主	神戸投資勉強会	7256	河西工業	133	193	45.1%					あちし	湘南投資勉強会	6560	エル・ティー・エス	2735	2892	5.7%										
SHINJI	神戸投資勉強会	7256	河西工業	133	193	45.1%					あちし	湘南投資勉強会	7065	ユーピーアール	1134	2050	80.8%										
hide	湘南投資勉強会	7279	ハイレックスコーポレーション	1075	1359	26.4%					カリティクス	湘南投資勉強会	3498	霞ヶ関キャピタル	4435	8960	102.0%										
むね坊主	神戸投資勉強会	7279	ハイレックスコーポレーション	1075	1359	26.4%					カリティクス	湘南投資勉強会	4680	ラウンドワン	465	558	20.0%										
葵堂	神戸投資勉強会	7279	ハイレックスコーポレーション	1075	1359	26.4%					カリティクス	湘南投資勉強会	6337	テセック	2927	2422	-17.3%										
やっしー	神戸投資勉強会	7279	ハイレックスコーポレーション	1075	1359	26.4%					カリティクス	湘南投資勉強会	7610	テイツー	160	138	-13.8%										
茶々丸	神戸投資勉強会	7298	八千代工業	1280	1388	8.4%					するが	湘南投資勉強会	2934	ジェイフロンティア	2711	4300	58.6%										
雪	神戸投資勉強会	7298	八千代工業	1280	1388	8.4%					するが	湘南投資勉強会	7080	スポーツフィールド	922.5	1718	86.2%										
よっしー??	神戸投資勉強会	7298	八千代工業	1280	1388	8.4%					スーパーこさく	神戸投資勉強会	7725	インターアクション	1588	1083	-31.8%										
めそ	湘南投資勉強会	7318	セレンディップ・ホールディ	689	1664	141.5%					fukufukurou	神戸投資勉強会	4027	テイカ	1157	1369	18.3%				うさみん	湘南投資勉強会	7047	ポート	1078	2357	118.6%
リョウ	湘南投資勉強会	7343	ブロードマインド	960	1037	8.0%					タイ	湘南投資勉強会	6549	ディーエムソリューションズ	1053	1191	13.1%										
アリ	湘南投資勉強会	7356	ＲＥＴＴＹ	194	171	-11.9%					めがね	湘南投資勉強会	6035	アイ・アールジャパンＨＤ	1754	1518	-13.5%										
AK	湘南投資勉強会	7360	オンデック	1382	825	-40.3%					初心	湘南投資勉強会	META	メタ	132.99	353.96	166.2%										
ゆっき	湘南投資勉強会	7367	セルム	601	757	26.0%					かんざき	湘南投資勉強会	2427	アウトソーシング	939	1740	85.3%										
Nami	湘南投資勉強会	7367	セルム	601	757	26.0%					カリティクス	湘南投資勉強会	5136	ｔｒｉｐｌａ	2000	1575	-21.3%										
しのぴー横綱若三杉	神戸投資勉強会	7367	セルム	601	757	26.0%					カリティクス	湘南投資勉強会	7794	イーディーピー	3950	1796	-54.5%										
ロニー	湘南投資勉強会	7369	メイホーホールディングス	1161	2547	119.4%					hokusansan1	神戸投資勉強会	6768	タムラ製作所	715	555	-22.4%				さざなみ	湘南投資勉強会	TSLA	テスラ	118.85	248.48	109.1%
あそびにん (KN)	湘南投資勉強会	7370	Ｅｎｊｉｎ	1888	1030	-45.4%					新田明くん	神戸投資勉強会	5218	オハラ	1107	1087	-1.8%										
ひんご	湘南投資勉強会	7374	コンフィデンス	1963	1557	-20.7%					よっしー??	神戸投資勉強会	1938	日本リーテック	877	1185	35.1%										
Nami	湘南投資勉強会	7378	アシロ	655	724	10.5%					しのぴー横綱若三杉	神戸投資勉強会	2652	まんだらけ	1002	2232	122.8%										
えむ	湘南投資勉強会	7378	アシロ	655	724	10.5%					しのぴー横綱若三杉	神戸投資勉強会	3791	ＩＧポート	2154	4680	117.3%										
thun	湘南投資勉強会	7386	ジャパンワランティサポート	2730	3850	41.0%					あんこ	湘南投資勉強会	6697	テックポイント・インクＪＤＲ	916	1477	61.2%										
えむ	湘南投資勉強会	7386	ジャパンワランティサポート	2730	3850	41.0%					あんこ	湘南投資勉強会	6864	エヌエフホールディングス	932	1485	59.3%										
オニール好きの投資家	湘南投資勉強会	7388	ＦＰパートナー	1972.5	5190	163.1%					ayame	湘南投資勉強会	4528	小野薬品	2857	2516	-11.9%				SHINJI	神戸投資勉強会	6857	アドバンテスト	2167.5	4797	121.3%
Kent	湘南投資勉強会	7408	ジャムコ	1390	1589	14.3%					クロロ	神戸投資勉強会	1431	ＬｉｂＷｏｒｋ	779	759	-2.6%										
スーパーこさく	神戸投資勉強会	7408	ジャムコ	1390	1589	14.3%					ケンヂ	湘南投資勉強会	1514	住石ホールディングス	388	1095	182.2%										
ココア	湘南投資勉強会	7408	ジャムコ	1390	1589	14.3%					クロロ	神戸投資勉強会	4376	くふうカンパニー	530	360	-32.1%										
アリ	湘南投資勉強会	7408	ジャムコ	1390	1589	14.3%					クロロ	神戸投資勉強会	6625	ＪＡＬＣＯホールディングス	242	232	-4.1%										
初心	湘南投資勉強会	7456	松田産業	2243	2396	6.8%					たお	湘南投資勉強会	9565	ウェルプレイド・ライゼスト	4115	1463	-64.4%										
ケンヂ	湘南投資勉強会	7481	尾家産業	931	1746	87.5%					oct	湘南投資勉強会	5032	ＡＮＹＣＯＬＯＲ	3155	3110	-1.4%										
kenmo	湘南投資勉強会	7561	ハークスレイ	825	878	6.4%					タカ@takanovalue	神戸投資勉強会	6555	ＭＳ＆ＣＯＮＳＵＬＴＩＮＧ	613	713	16.3%										
よっしー??	神戸投資勉強会	7600	日本エム・ディ・エム	836	759	-9.2%					ﾐﾘｵﾝﾊﾞｶﾞｰ	神戸投資勉強会	6040	日本スキー場開発	1014	938	-7.5%										
ココア	湘南投資勉強会	7608	エスケイジャパン	603	779	29.2%					お多福	湘南投資勉強会	6184	鎌倉新書	942	553	-41.3%										
カリティクス	湘南投資勉強会	7610	テイツー	160	138	-13.8%					やっしー	神戸投資勉強会	2410	キャリアデザインセンター	1475	2166	46.8%										
株ポン　pekepeke	湘南投資勉強会	7610	テイツー	160	138	-13.8%					やっしー	神戸投資勉強会	7256	河西工業	133	193	45.1%										
よっしー??	神戸投資勉強会	7636	ハンズマン	985	942	-4.4%					ぷに丸	湘南投資勉強会	3979	うるる	1479	1600	8.2%										
タイ	湘南投資勉強会	7640	トップカルチャー	180	158	-12.2%					めそ	湘南投資勉強会	7717	ブイ・テクノロジー	2600	2843	9.3%										
ののこ	神戸投資勉強会	7676	グッドスピード	2225	766	-65.6%					茶々丸	神戸投資勉強会	6658	シライ電子工業	487	530	8.8%										
バシマエ	湘南投資勉強会	7676	グッドスピード	2225	766	-65.6%					茶々丸	神戸投資勉強会	7298	八千代工業	1280	1388	8.4%										
あそびにん (KN)	湘南投資勉強会	7676	グッドスピード	2225	766	-65.6%					茶々丸	神戸投資勉強会	7752	リコー	974	1083	11.2%										
雪	神戸投資勉強会	7692	アースインフィニティ	137.4166	75	-45.4%					新田明くん	神戸投資勉強会	3687	フィックスターズ	1173	1291	10.1%										
あさか	湘南投資勉強会	7717	ブイ・テクノロジー	2600	2843	9.3%					シャカ	湘南投資勉強会	6560	エル・ティー・エス	2735	2892	5.7%										
めそ	湘南投資勉強会	7717	ブイ・テクノロジー	2600	2843	9.3%					シャカ	湘南投資勉強会	7110	クラシコム	1401	1340	-4.4%										
ののこ	神戸投資勉強会	7725	インターアクション	1588	1083	-31.8%					加藤バネ男	神戸投資勉強会	4837	シダックス	590	808	36.9%										
らう	湘南投資勉強会	7725	インターアクション	1588	1083	-31.8%					加藤バネ男	神戸投資勉強会	4837	シダックス	590	808	36.9%										
つぶ	神戸投資勉強会	7725	インターアクション	1588	1083	-31.8%					加藤バネ男	神戸投資勉強会	6357	三精テクノロジーズ	783	1151	47.0%										
ayame	湘南投資勉強会	7725	インターアクション	1588	1083	-31.8%					葵堂	神戸投資勉強会	6539	ＭＳ－Ｊａｐａｎ	1053	1134	7.7%										
スーパーこさく	神戸投資勉強会	7725	インターアクション	1588	1083	-31.8%					加藤バネ男	神戸投資勉強会	札2928	ライザップ	140	266	90.0%										
愛鷹	湘南投資勉強会	7725	インターアクション	1588	1083	-31.8%					加藤バネ男	神戸投資勉強会	名3952	中央紙	1075	1360	26.5%										
ﾐﾘｵﾝﾊﾞｶﾞｰ	神戸投資勉強会	7743	シード	495	817	65.1%					thun	湘南投資勉強会	7386	ジャパンワランティサポート	2730	3850	41.0%										
茶々丸	神戸投資勉強会	7752	リコー	974	1083	11.2%					サントーシー	湘南投資勉強会	7140	ペットゴー	1107	1254	13.3%										
ねこじろー	湘南投資勉強会	7781	平山ホールディングス	683	940	37.6%					うさみん	湘南投資勉強会	4174	アピリッツ	1139	1040	-8.7%										
えびす	湘南投資勉強会	7781	平山ホールディングス	683	940	37.6%					うさみん	湘南投資勉強会	8032	日本紙パルプ	4635	4980	7.4%										
クロロ	神戸投資勉強会	7792	コラントッテ	805	800	-0.6%					ぱふぇっと	神戸投資勉強会	2479	ジェイテック	221	235	6.3%										
かもめ	湘南投資勉強会	7794	イーディーピー	3950	1796	-54.5%					先高	湘南投資勉強会	3561	力の源ＨＤ	1018	1428	40.3%										
thun	湘南投資勉強会	7794	イーディーピー	3950	1796	-54.5%					雪	神戸投資勉強会	5125	ファインズ	1335	574	-57.0%										
めがね	湘南投資勉強会	7794	イーディーピー	3950	1796	-54.5%					先高	湘南投資勉強会	5136	ｔｒｉｐｌａ	2000	1575	-21.3%										
ふくろう	湘南投資勉強会	7794	イーディーピー	3950	1796	-54.5%					先高	湘南投資勉強会	6040	日本スキー場開発	1014	938	-7.5%										
えむ	湘南投資勉強会	7794	イーディーピー	3950	1796	-54.5%					先高	湘南投資勉強会	6226	守谷輸送機工業	748	1246	66.6%										
カリティクス	湘南投資勉強会	7794	イーディーピー	3950	1796	-54.5%					先高	湘南投資勉強会	6625	ＪＡＬＣＯホールディングス	242	232	-4.1%										
するが	湘南投資勉強会	7806	ＭＴＧ	1450	1463	0.9%					ののこ	神戸投資勉強会	7725	インターアクション	1588	1083	-31.8%										
tony	神戸投資勉強会	7809	壽屋	3673.3333	1614	-56.1%					先高	湘南投資勉強会	3667	ｅｎｉｓｈ	352	170	-51.7%										
やっしー	神戸投資勉強会	7813	プラッツ	623	662	6.3%					タカ@takanovalue	神戸投資勉強会	2196	エスクリ	309	294	-4.9%										
むね坊主	神戸投資勉強会	7813	プラッツ	623	662	6.3%					タカ@takanovalue	神戸投資勉強会	3179	シュッピン	1222	1187	-2.9%										
やまち	神戸投資勉強会	7813	プラッツ	623	662	6.3%					タカ@takanovalue	神戸投資勉強会	6046	リンクバル	208	174	-16.3%										
タカ@takanovalue	神戸投資勉強会	7820	ニホンフラッシュ	873	908	4.0%					てざわり	湘南投資勉強会	3864	三菱製紙	280	553	97.5%										
まいる	湘南投資勉強会	7844	マーベラス	680	713	4.9%					ちぃ	湘南投資勉強会	2998	クリアル	2068	5150	149.0%										
ふくろう	湘南投資勉強会	7849	スターツ出版	2940	3685	25.3%					かんざき	湘南投資勉強会	4251	恵和	1518	1280	-15.7%										
かっつ、	神戸投資勉強会	7849	スターツ出版	2940	3685	25.3%					かんざき	湘南投資勉強会	6625	ＪＡＬＣＯホールディングス	242	232	-4.1%										
ayame	湘南投資勉強会	7856	萩原工業	1158	1444	24.7%					きよし(湘南)	湘南投資勉強会	6554	エスユーエス	865	707	-18.3%										
スーパーこさく	神戸投資勉強会	7906	ヨネックス	1172	1338	14.2%					ケンヂ	湘南投資勉強会	2685	アダストリア	2301	3475	51.0%										
あせろら	湘南投資勉強会	8022	美津濃	2690	3930	46.1%					あそびにん (KN)	湘南投資勉強会	3864	三菱製紙	280	553	97.5%										
モモクリン（momokurin）	湘南投資勉強会	8031	三井物産	3742	5298	41.6%					アリ	湘南投資勉強会	6879	ＩＭＡＧＩＣＡＧＲＯＵＰ	638	638	0.0%										
うさみん	湘南投資勉強会	8032	日本紙パルプ	4635	4980	7.4%					たお	湘南投資勉強会	5032	ＡＮＹＣＯＬＯＲ	3155	3110	-1.4%										
でふし	神戸投資勉強会	8091	ニチモウ	1471	2018	37.2%					うさみん	湘南投資勉強会	9561	グラッドキューブ	821	555	-32.4%										
ふくろう	湘南投資勉強会	8130	サンゲツ	2125	3100	45.9%					あちし	湘南投資勉強会	3041	ビューティ花壇	277	1022	269.0%										
oct	湘南投資勉強会	8130	サンゲツ	2125	3100	45.9%					あそびにん (KN)	湘南投資勉強会	5125	ファインズ	1335	574	-57.0%										
ayame	湘南投資勉強会	8130	サンゲツ	2125	3100	45.9%					あそびにん (KN)	湘南投資勉強会	6580	ライトアップ	938	666	-29.0%										
Kent	湘南投資勉強会	8130	サンゲツ	2125	3100	45.9%					あそびにん (KN)	湘南投資勉強会	7370	Ｅｎｊｉｎ	1888	1030	-45.4%										
たぐけん	湘南投資勉強会	8130	サンゲツ	2125	3100	45.9%					あそびにん (KN)	湘南投資勉強会	7676	グッドスピード	2225	766	-65.6%										
リネラブ	神戸投資勉強会	8136	サンリオ	4635	5879	26.8%					かもめ	湘南投資勉強会	7794	イーディーピー	3950	1796	-54.5%										
あせろら	湘南投資勉強会	8151	東陽テクニカ	1314	1413	7.5%					たお	湘南投資勉強会	9336	大栄環境	1869	2493	33.4%										
キリン@神戸投資勉強会	神戸投資勉強会	8215	銀座山形屋	785	1093	39.2%					うさみん	湘南投資勉強会	7038	フロンティア・マネジメント	1282	1511	17.9%										
銭闘志	湘南投資勉強会	8345	岩手銀行	1927	2501	29.8%					お多福	湘南投資勉強会	8929	青山財産ネットワークス	1086	1037	-4.5%										
銭闘志	湘南投資勉強会	8377	ほくほくフィナンシャルＧ	950	1523.5	60.4%					tony	神戸投資勉強会	3791	ＩＧポート	2154	4680	117.3%										
よしぼん	神戸投資勉強会	8381	山陰合同銀行	759	994	31.0%					お多福	湘南投資勉強会	3561	力の源ＨＤ	1018	1428	40.3%										
ポンポコたぬき	神戸投資勉強会	8515	アイフル	376	380	1.1%					ののこ	神戸投資勉強会	4689	Ｚホールディングス	336.8	499.7	48.4%										
かんざき	湘南投資勉強会	8515	アイフル	376	380	1.1%					ののこ	神戸投資勉強会	5981	東京製綱	855	1335	56.1%										
りんたん	湘南投資勉強会	8596	九州リースサービス	741	1015	37.0%					うわん	神戸投資勉強会	3690	イルグルム	635	637	0.3%										
ココア	湘南投資勉強会	8596	九州リースサービス	741	1015	37.0%					うわん	神戸投資勉強会	5121	藤倉コンポジット	826	1379	66.9%										
ぺるる	湘南投資勉強会	8596	九州リースサービス	741	1015	37.0%					うわん	神戸投資勉強会	6560	エル・ティー・エス	2735	2892	5.7%										
nobukichi?49	湘南投資勉強会	8698	マネックスＧ	451	719	59.4%					tony	神戸投資勉強会	9508	九州電力	715	1021	42.8%										
初心	湘南投資勉強会	8798	アドバンスクリエイト	1079	1003	-7.0%					ポンポコたぬき	神戸投資勉強会	8515	アイフル	376	380	1.1%										
ひんご	湘南投資勉強会	8798	アドバンスクリエイト	1079	1003	-7.0%					ポンポコたぬき	神戸投資勉強会	福6076	アメイズ	1025	1150	12.2%										
人間	湘南投資勉強会	8864	空港施設	512	590	15.2%					クロロ	神戸投資勉強会	4482	ウィルズ	660	653	-1.1%										
oct	湘南投資勉強会	8891	ＡＭＧホールディングス	1342	1982	47.7%					あせろら	湘南投資勉強会	8022	美津濃	2690	3930	46.1%										
rei	神戸投資勉強会	8914	エリアリンク	1843	2690	46.0%					あそびにん (KN)	湘南投資勉強会	9202	ＡＮＡホールディングス	2761.5	3060	10.8%										
お多福	湘南投資勉強会	8929	青山財産ネットワークス	1086	1037	-4.5%					ぷに丸	湘南投資勉強会	2150	ケアネット	1123	1097	-2.3%										
ゆっき	湘南投資勉強会	8929	青山財産ネットワークス	1086	1037	-4.5%					ぷに丸	湘南投資勉強会	4026	神島化学	1578	1398	-11.4%										
愛鷹	湘南投資勉強会	8929	青山財産ネットワークス	1086	1037	-4.5%					ぷに丸	湘南投資勉強会	5125	ファインズ	1335	574	-57.0%										
お多福	湘南投資勉強会	9066	日新	2081	2400	15.3%					クロロ	神戸投資勉強会	7792	コラントッテ	805	800	-0.6%										
あそびにん (KN)	湘南投資勉強会	9202	ＡＮＡホールディングス	2761.5	3060	10.8%					サントーシー	湘南投資勉強会	5136	ｔｒｉｐｌａ	2000	1575	-21.3%										
ヒデゾー	湘南投資勉強会	9204	スカイマーク	1382	1014	-26.6%					りんたん	湘南投資勉強会	5078	セレコーポレーション	2500	3210	28.4%										
Nami	湘南投資勉強会	9215	ＣＡＳＹ	800	923	15.4%					クロロ	神戸投資勉強会	HAYN	ヘインズ	52.7	57.05	8.3%										
ぷに丸	湘南投資勉強会	9216	ビーウィズ	1080	2071	91.8%					Nami	湘南投資勉強会	3663	セルシス	712	719	1.0%										
でふし	神戸投資勉強会	9219	ギックス	1266	1114	-12.0%					めそ	湘南投資勉強会	3864	三菱製紙	280	553	97.5%										
tanki	神戸投資勉強会	9227	マイクロ波化学	2235	1268	-43.3%					初心	湘南投資勉強会	4387	ＺＵＵ	962	672	-30.1%										
栗エイタ	湘南投資勉強会	9229	サンウェルズ	2310	2496	8.1%					タイ	湘南投資勉強会	6067	インパクトＨＤ	3890	4490	15.4%										
株ピ孔明	神戸投資勉強会	9229	サンウェルズ	2310	2496	8.1%					タイ	湘南投資勉強会	6083	ＥＲＩホールディングス	1165	1712	47.0%										
なーたん	湘南投資勉強会	9253	スローガン	802	612	-23.7%					リョウ	湘南投資勉強会	3983	オロ	1918	2584	34.7%										
ポンポコたぬき	神戸投資勉強会	9257	ＹＣＰホールディングス	712	598	-16.0%					やまち	神戸投資勉強会	3675	クロス・マーケティングＧ	741	557	-24.8%										
タイ	湘南投資勉強会	9262	シルバーライフ	1762	893	-49.3%					人間	湘南投資勉強会	8864	空港施設	512	590	15.2%										
えむ	湘南投資勉強会	9263	ビジョナリーＨＬＤＧＳ	201	199	-1.0%					ぱふぇっと	神戸投資勉強会	4751	サイバーエージェント	1159	885.1	-23.6%										
yama	湘南投資勉強会	9271	和心	441	376	-14.7%					やまち	神戸投資勉強会	9385	ショーエイコーポ	560	588	5.0%										
みなと	湘南投資勉強会	9272	ブティックス	1877.5	1575	-16.1%					ゆうと	神戸投資勉強会	3138	富士山マガジン	779	688	-11.7%										
サントーシー	湘南投資勉強会	9272	ブティックス	1877.5	1575	-16.1%					ゆうと	神戸投資勉強会	3526	芦森工業	1235	2014	63.1%										
あちし	湘南投資勉強会	9272	ブティックス	1877.5	1575	-16.1%					ゆうと	神戸投資勉強会	5121	藤倉コンポジット	826	1379	66.9%										
fukufukurou	神戸投資勉強会	9272	ブティックス	1877.5	1575	-16.1%					ゆうと	神戸投資勉強会	9696	ウィザス	890	1741	95.6%										
雪	神戸投資勉強会	9318	アジア開発キャピタル	3		#VALUE!					AK	湘南投資勉強会	4414	フレクト	2093	4555	117.6%				josui	湘南投資勉強会	TSLA	テスラ	118.85	248.48	109.1%
かもめ	湘南投資勉強会	9318	アジア開発キャピタル	3		#VALUE!					AK	湘南投資勉強会	9552	Ｍ＆Ａ総合研究所	2013.3333	4475	122.3%				josui	湘南投資勉強会	6016	ジャパンエンジンコーポ	1253	7180	473.0%
たお	湘南投資勉強会	9336	大栄環境	1869	2493	33.4%					エル川	湘南投資勉強会	3526	芦森工業	1235	2014	63.1%										
ヒデゾー	湘南投資勉強会	9339	コーチ・エィ	1965	1670	-15.0%					やまち	神戸投資勉強会	4262	ニフティライフスタイル	857	837	-2.3%										
モモクリン（momokurin）	湘南投資勉強会	9341	ＧＥＮＯＶＡ	1635	1616	-1.2%					ヒデゾー	湘南投資勉強会	4419	ＦＩＮＡＴＥＸＴホールディンク	496	662	33.5%										
やまち	神戸投資勉強会	9385	ショーエイコーポ	560	588	5.0%					たぐけん	湘南投資勉強会	4503	アステラス製薬	1901.5	1686	-11.3%										
愛鷹	湘南投資勉強会	9424	日本通信	220	228	3.6%					てざわり	湘南投資勉強会	6998	日本タングステン	1208	1204	-0.3%										
りんたん	湘南投資勉強会	9424	日本通信	220	228	3.6%					てざわり	湘南投資勉強会	9832	オートバックスセブン	1414	1560	10.3%										
nobukichi?49	湘南投資勉強会	9438	エムティーアイ	505	649	28.5%					かっつ、	神戸投資勉強会	6425	ユニバーサルエンターテインメン	2377	2300	-3.2%										
ピノキオ	神戸投資勉強会	9503	関西電力	1219	1872	53.6%					yama	湘南投資勉強会	5125	ファインズ	1335	574	-57.0%										
ピノキオ	神戸投資勉強会	9504	中国電力	668	1006.5	50.7%					あさか	湘南投資勉強会	7199	プレミアグループ	1600	1823	13.9%										
ピノキオ	神戸投資勉強会	9505	北陸電力	519	733.6	41.3%					アリ	湘南投資勉強会	BIDU	ﾊﾞｲﾄﾞｳ	134.75	119.09	-11.6%										
ピノキオ	神戸投資勉強会	9506	東北電力	662	958.9	44.8%					あちし	湘南投資勉強会	4390	ＩＰＳ	2704	2093	-22.6%										
ピノキオ	神戸投資勉強会	9507	四国電力	724	1013.5	40.0%					イタル	湘南投資勉強会	2981	ランディックス	2339	2421	3.5%										
tony	神戸投資勉強会	9508	九州電力	715	1021	42.8%					アリ	湘南投資勉強会	3950	ザ・パック	2397	3385	41.2%										
やっしー	神戸投資勉強会	9509	北海道電力	445	624.6	40.4%					あんこ	湘南投資勉強会	3328	ＢＥＥＮＯＳ	1911	1451	-24.1%										
ピノキオ	神戸投資勉強会	9509	北海道電力	445	624.6	40.4%					あんこ	湘南投資勉強会	6058	ベクトル	1274	1134	-11.0%										
ピノキオ	神戸投資勉強会	9511	沖縄電力	1020	1115	9.3%					シャカ	湘南投資勉強会	4435	カオナビ	2355	2250	-4.5%										
rurio	神戸投資勉強会	9522	リニューアブル・ジャパン	460	1187	158.0%					ayame	湘南投資勉強会	5136	ｔｒｉｐｌａ	2000	1575	-21.3%				tony	神戸投資勉強会	3791	ＩＧポート	2154	4680	117.3%
AK	湘南投資勉強会	9552	Ｍ＆Ａ総合研究所	2013.3333	4475	122.3%					hide	湘南投資勉強会	2130	メンバーズ	1955	963	-50.7%				ケンヂ	湘南投資勉強会	1514	住石ホールディングス	388	1095	182.2%
大きなかぶ	湘南投資勉強会	9552	Ｍ＆Ａ総合研究所	2013.3333	4475	122.3%					hokusansan1	神戸投資勉強会	2372	アイロムグループ	2340	2009	-14.1%				さざなみ	湘南投資勉強会	MARA	マラソンデジタル	5.75	23.49	308.5%
バシマエ	湘南投資勉強会	9552	Ｍ＆Ａ総合研究所	2013.3333	4475	122.3%					hokusansan1	神戸投資勉強会	6266	タツモ	1625	2770	70.5%				ケンヂ	湘南投資勉強会	6632	ＪＶＣケンウッド	348	741	112.9%
株ピ孔明	神戸投資勉強会	9552	Ｍ＆Ａ総合研究所	2013.3333	4475	122.3%					hokusansan1	神戸投資勉強会	6844	新電元工業	3145	3030	-3.7%				ココア	湘南投資勉強会	3041	ビューティ花壇	277	1022	269.0%
altama7772	神戸投資勉強会	9553	マイクロアド	485.6666	635	30.7%					お多福	湘南投資勉強会	3048	ビックカメラ	1239	1344	8.5%										
シャカ	湘南投資勉強会	9554	ＡＶｉＣ	1174	776	-33.9%					栗エイタ	湘南投資勉強会	2982	ＡＤワークスグループ	140	236	68.6%										
yama	湘南投資勉強会	9554	ＡＶｉＣ	1174	776	-33.9%					株ポン　pekepeke	湘南投資勉強会	5127	グッピーズ	1523	2649	73.9%										
ケンヂ	湘南投資勉強会	9554	ＡＶｉＣ	1174	776	-33.9%					株ポン　pekepeke	湘南投資勉強会	5830	いよぎんホールディンク	694	947.2	36.5%										
あせろら	湘南投資勉強会	9554	ＡＶｉＣ	1174	776	-33.9%					株ポン　pekepeke	湘南投資勉強会	6697	テックポイント・インクＪＤＲ	916	1477	61.2%										
四丁目	湘南投資勉強会	9554	ＡＶｉＣ	1174	776	-33.9%					栗エイタ	湘南投資勉強会	7212	エフテック	508	638	25.6%										
さざなみ	湘南投資勉強会	9554	ＡＶｉＣ	1174	776	-33.9%					株ポン　pekepeke	湘南投資勉強会	7610	テイツー	160	138	-13.8%										
ふくろう	湘南投資勉強会	9556	ＩＮＴＬＯＯＰ	6290	3245	-48.4%					人間	湘南投資勉強会	3030	ハブ	620	719	16.0%										
ケンヂ	湘南投資勉強会	9556	ＩＮＴＬＯＯＰ	6290	3245	-48.4%					人間	湘南投資勉強会	3561	力の源ＨＤ	1018	1428	40.3%										
yama	湘南投資勉強会	9556	ＩＮＴＬＯＯＰ	6290	3245	-48.4%					人間	湘南投資勉強会	9828	元気寿司	1535	3095	101.6%										
オニール好きの投資家	湘南投資勉強会	9560	プログリット	256	907	254.3%					altama7772	神戸投資勉強会	9553	マイクロアド	485.6666	635	30.7%				kenmo	湘南投資勉強会	6632	ＪＶＣケンウッド	348	741	112.9%
うさみん	湘南投資勉強会	9561	グラッドキューブ	821	555	-32.4%					株ピ孔明	神戸投資勉強会	9229	サンウェルズ	2310	2496	8.1%										
えむ	湘南投資勉強会	9564	ＦＣＥＨＯＬＤＩＮＧＳ	1621	2264	39.7%					イタル	湘南投資勉強会	5125	ファインズ	1335	574	-57.0%										
ヒデゾー	湘南投資勉強会	9564	ＦＣＥＨＯＬＤＩＮＧＳ	1621	2264	39.7%					うさみん	湘南投資勉強会	7047	ポート	1078	2357	118.6%										
たお	湘南投資勉強会	9565	ウェルプレイド・ライゼスト	4115	1463	-64.4%					茶々丸	神戸投資勉強会	4527	ロート製薬	2170	2843	31.0%										
アディ	湘南投資勉強会	9696	ウィザス	890	1741	95.6%					KM Kevin	神戸投資勉強会	2127	日本Ｍ＆Ａセンターホールデ	1670	777.7	-53.4%										
Nami	湘南投資勉強会	9696	ウィザス	890	1741	95.6%					KM Kevin	神戸投資勉強会	3880	大王製紙	987	1123	13.8%										
ゆうと	神戸投資勉強会	9696	ウィザス	890	1741	95.6%					Nami	湘南投資勉強会	9696	ウィザス	890	1741	95.6%										
ドライヴ	湘南投資勉強会	9731	白洋舎	1774	2345	32.2%					オニール好きの投資家	湘南投資勉強会	7388	ＦＰパートナー	1972.5	5190	163.1%										
人間	湘南投資勉強会	9828	元気寿司	1535	3095	101.6%					Kent	湘南投資勉強会	2353	日本駐車場開発	284	192	-32.4%										
てざわり	湘南投資勉強会	9832	オートバックスセブン	1414	1560	10.3%					しのぴー横綱若三杉	神戸投資勉強会	2372	アイロムグループ	2340	2009	-14.1%										
お多福	湘南投資勉強会	9955	ヨンキュウ	2925	2271	-22.4%					リネラブ	神戸投資勉強会	2652	まんだらけ	1002	2232	122.8%										
栗エイタ	湘南投資勉強会	9994	やまや	2494	3045	22.1%					きよし(湘南)	湘南投資勉強会	5031	モイ	366	249	-32.0%										
さざなみ	湘南投資勉強会	AGFY	アグリファイ	9.2	1.26	-86.3%					明石伸夫	初参加	4755	楽天グループ	619	628	1.5%										
KM Kevin	神戸投資勉強会	AMZN	アマゾン	89.87	151.94	69.1%					rurio	神戸投資勉強会	3449	テクノフレックス	991	1089	9.9%										
アリ	湘南投資勉強会	BIDU	ﾊﾞｲﾄﾞｳ	134.75	119.09	-11.6%					めがね	湘南投資勉強会	4385	メルカリ	2831	2612.5	-7.7%										
KM Kevin	神戸投資勉強会	CCL	カーニバルクルーズ	9.68	18.54	91.5%					Nami	湘南投資勉強会	5071	ヴィス	1055	1009	-4.4%										
さざなみ	湘南投資勉強会	CD	チンデータ	7.91	8.45	6.8%					たお	湘南投資勉強会	4344	ソースネクスト	306	164	-46.4%										
人間	湘南投資勉強会	CWEB	CSI中国インターネット・インデックス株ブル2倍ETF	67.79	33.32	-50.8%					人間	湘南投資勉強会	1572	中国Ｈ株ブル２倍	5465	3401	-37.8%										
しのぴー横綱若三杉	神戸投資勉強会	DRIP	Direxion石油ガス探鉱ベア2倍ETF	14.67	11.29	-23.0%					リネラブ	神戸投資勉強会	4169	ＥＮＥＣＨＡＮＧＥ	1038	1035	-0.3%										
Kent	湘南投資勉強会	FM	FM_MSCIフロンティア・セレクト	26.23	26.3	0.3%					バシマエ	湘南投資勉強会	7095	ＭＡＣＢＥＥＰＬＡＮＥＴ	10330	18500	79.1%										
KM Kevin	神戸投資勉強会	GOOG	アルファベットC	89.24	140.93	57.9%					yama	湘南投資勉強会	7074	２４セブン	328	235	-28.4%										
クロロ	神戸投資勉強会	HAYN	ヘインズ	52.7	57.05	8.3%					するが	湘南投資勉強会	4377	ワンキャリア	3615	4070	12.6%										
josui	湘南投資勉強会	HK9988	アリババ	109.5	75.6	-31.0%					葵堂	神戸投資勉強会	札2928	ライザップ	140	266	90.0%										
さざなみ	湘南投資勉強会	INMD	インモード	36.7	22.24	-39.4%					秋吉義明	湘南投資勉強会	4932	アルマード	1104	1390	25.9%										
さざなみ	湘南投資勉強会	MARA	マラソンデジタル	5.75	23.49	308.5%					AK	湘南投資勉強会	2334	イオレ	996	1100	10.4%				AK	湘南投資勉強会	4414	フレクト	2093	4555	117.6%
初心	湘南投資勉強会	META	メタ	132.99	353.96	166.2%					ayame	湘南投資勉強会	4483	ＪＭＤＣ	3730	4263	14.3%				rurio	神戸投資勉強会	6121	ＴＡＫＩＳＡＷＡ	1076	2595	141.2%
めそ	湘南投資勉強会	MKFG	マークフォージド	1.29	0.82	-36.4%					栗エイタ	湘南投資勉強会	5902	ホッカンホールディングス	1348	1626	20.6%										
しのぴー横綱若三杉	神戸投資勉強会	MRNA	モデルナ	189.65	99.45	-47.6%					新田明くん	神戸投資勉強会	名7076	名南M&A	1137	810	-28.8%										
さざなみ	湘南投資勉強会	RIOT	ライオット	5.64	15.47	174.3%					ayame	湘南投資勉強会	7856	萩原工業	1158	1444	24.7%				rurio	神戸投資勉強会	9522	リニューアブル・ジャパン	460	1187	158.0%
josui	湘南投資勉強会	TSLA	テスラ	118.85	248.48	109.1%					Kent	湘南投資勉強会	6632	ＪＶＣケンウッド	348	741	112.9%				ロニー	湘南投資勉強会	7369	メイホーホールディングス	1161	2547	119.4%
さざなみ	湘南投資勉強会	TSLA	テスラ	118.85	248.48	109.1%					Kent	湘南投資勉強会	7408	ジャムコ	1390	1589	14.3%				初心	湘南投資勉強会	META	メタ	132.99	353.96	166.2%
KM Kevin	神戸投資勉強会	TSLA	テスラ	118.85	248.48	109.1%					Kent	湘南投資勉強会	8130	サンゲツ	2125	3100	45.9%				株ピ孔明	神戸投資勉強会	9552	Ｍ＆Ａ総合研究所	2013.3333	4475	122.3%
雑魚投資家ベイベ	湘南投資勉強会	TSM	TSMC	81.3	104	27.9%					かもめ	湘南投資勉強会	2813	和弘食品	2006.6666	2427	20.9%										
名前		コード	銘柄名	1/10終値	週足終値	騰落率					名前		コード	銘柄名	1/10終値	週足終値	騰落率				名前		コード	銘柄名	1/10終値	週足終値	騰落率
加藤バネ男	神戸投資勉強会	札2928	ライザップ	140	266	90.0%					nobukichi?49	湘南投資勉強会	2378	ルネサンス	872	876	0.5%										
josui	湘南投資勉強会	札2928	ライザップ	140	266	90.0%					nobukichi?49	湘南投資勉強会	2982	ＡＤワークスグループ	140	236	68.6%										
SHINJI	神戸投資勉強会	札2928	ライザップ	140	266	90.0%					nobukichi?49	湘南投資勉強会	3675	クロス・マーケティングＧ	741	557	-24.8%										
株ポン　pekepeke	湘南投資勉強会	札2928	ライザップ	140	266	90.0%					nobukichi?49	湘南投資勉強会	4531	有機合成薬品	289	282	-2.4%										
葵堂	神戸投資勉強会	札2928	ライザップ	140	266	90.0%					nobukichi?49	湘南投資勉強会	6249	ゲームカード・ジョイコＨＤ	2051	2240	9.2%										
KM Kevin	神戸投資勉強会	札2928	ライザップ	140	266	90.0%					nobukichi?49	湘南投資勉強会	8698	マネックスＧ	451	719	59.4%										
ぱふぇっと	神戸投資勉強会	札2928	ライザップ	140	266	90.0%					nobukichi?49	湘南投資勉強会	9438	エムティーアイ	505	649	28.5%										
ヨシ	湘南投資勉強会	札5039	キットアライブ	1134	1180	4.1%					つぶ	神戸投資勉強会	1429	日本アクア	790	887	12.3%										
ロニー	湘南投資勉強会	福3047	トラックワン	278	380	36.7%					うわん	神戸投資勉強会	3562	Ｎｏ．１	1207	947	-21.5%										
ポンポコたぬき	神戸投資勉強会	福6076	アメイズ	1025	1150	12.2%					サバイブ51	湘南投資勉強会	5139	オープンワーク	1058.75	841	-20.6%										
加藤バネ男	神戸投資勉強会	名3952	中央紙	1075	1360	26.5%					カリティクス	湘南投資勉強会	6632	ＪＶＣケンウッド	348	741	112.9%										
新田明くん	神戸投資勉強会	名7076	名南M&A	1137	810	-28.8%					ロニー	湘南投資勉強会	3359	ｃｏｔｔａ	315	545	73.0%										
騰落順											名前順										2倍達成者						