,skill_name,skill_type,skill_mode,damage,hit_rate,pp,detail
0,10まんボルト,でんき,特殊,90,100,15,10%の確率で相手をまひ状態にする
1,あくのはどう,あく,特殊,80,100,15,20%の確率で相手をひるませる
2,アシストパワー,エスパー,特殊,20,100,10,自分の能力ランク上昇1つにつき威力が20上がる
3,アシッドボム,どく,特殊,40,100,20,相手の特防を2段階下げる
4,いのちがけ,かくとう,特殊,-,100,5,自分はひんしになるが相手に消費したHP分のダメージを与える
5,いびき,ノーマル,特殊,50,100,15,ねむり状態の時のみ使える。30%の確率で相手をひるませる。相手の「みがわり」状態を貫通する
6,ウェザーボール,ノーマル,特殊,50,100,10,天気が変わっていると威力が2倍になる。晴れでほのお、雨でみず、砂嵐でいわ、雪でこおりタイプに変化する
7,うずしお,みず,特殊,35,85,15,4〜5ターンの間、ターン終了時に最大HPの1/8ダメージを与える。その間ゴーストタイプ以外は交代できない
8,エアカッター,ひこう,特殊,60,95,25,急所に当たりやすい
9,エアスラッシュ,ひこう,特殊,75,95,15,30%の確率で相手をひるませる
10,エコーボイス,ノーマル,特殊,40,100,15,毎ターンだれかが技を使い続けると威力が40ずつ上がる。相手の「みがわり」状態を貫通する
11,エナジーボール,くさ,特殊,90,100,10,10%の確率で相手の特防を1段階下げる
12,エレキネット,でんき,特殊,55,95,15,相手の素早さを1段階下げる
13,エレキボール,でんき,特殊,-,100,10,相手より素早さが速いほど威力が上がる。相手の素早さの1倍未満で40、2倍未満で60、3倍未満で80、4倍未満で120、4倍以上で150
14,オーバーヒート,ほのお,特殊,130,90,5,自分の特攻が2段階下がる
15,オーロラビーム,こおり,特殊,65,100,20,10%の確率で相手の攻撃を1段階下げる
16,かえんほうしゃ,ほのお,特殊,90,100,15,10%の確率で相手をやけど状態にする
17,かぜおこし,ひこう,特殊,40,100,35,通常の攻撃技
18,かふんだんご,むし,特殊,90,100,15,味方に使用すると最大HPの半分を回復する
19,かみなり,でんき,特殊,110,70,10,30%の確率で相手をまひ状態にする。雨の時は必中になり、晴れの時は命中が50になる
20,きあいだま,かくとう,特殊,120,70,5,10%の確率で相手の特防を1段階下げる
21,ギガドレイン,くさ,特殊,75,100,10,相手に与えたダメージの半分のHPを回復する
22,くさむすび,くさ,特殊,-,100,20,相手が重いほど威力が上がる。10kg未満で20、25kg未満で40、50kg未満で60、100kg未満で80、200kg未満で100、200kg以上で120
23,クリアスモッグ,どく,特殊,50,-,15,相手の能力ランクの変化を元に戻す。必ず命中する
24,ゲップ,どく,特殊,120,90,10,戦闘中にきのみを食べた後に使えるようになる
25,げんしのちから,いわ,特殊,60,100,5,10%の確率で自分の攻撃、防御、特攻、特防、素早さが1段階上がる
26,こおりのいぶき,こおり,特殊,60,90,10,必ず急所に当たる
27,こごえるかぜ,こおり,特殊,55,95,15,相手の素早さを1段階下げる
28,こなゆき,こおり,特殊,40,100,25,10%の確率で相手をこおり状態にする
29,サイケこうせん,エスパー,特殊,65,100,20,10%の確率で相手を1～4ターンの間こんらん状態にする
30,サイコキネシス,エスパー,特殊,90,100,10,10%の確率で相手の特防を1段階下げる
31,サイコショック,エスパー,特殊,80,100,10,相手の防御の能力値でダメージ計算する
32,さわぐ,ノーマル,特殊,90,100,10,3ターンの間相手を攻撃する。そのあいだはだれも眠れなくなる。相手の「みがわり」状態を貫通する
33,しおみず,みず,特殊,65,100,10,相手のHPが半分以下だと威力が2倍になる
34,シャドーボール,ゴースト,特殊,80,100,15,10%の確率で相手の特防を1段階下げる
35,しんくうは,かくとう,特殊,40,100,30,必ず先制できる
36,じんつうりき,エスパー,特殊,80,100,20,10%の確率で相手をひるませる
37,すいとる,くさ,特殊,20,100,25,相手に与えたダメージの半分のHPを回復する
38,スピードスター,ノーマル,特殊,60,-,20,必ず命中する
39,スモッグ,どく,特殊,30,70,20,10%の確率で相手をどく状態にする
40,ぜったいれいど,こおり,特殊,-,30,5,一撃必殺。(30+自分のレベル-相手のレベル)が命中率になり、相手のレベルの方が高いと失敗する。こおりタイプ以外のポケモンが使うと基本の命中が20になる
41,ソーラービーム,くさ,特殊,120,100,10,1ターン目にためて2ターン目に攻撃する。天気が晴れのときはためたターンに攻撃できる
42,だいちのちから,じめん,特殊,90,100,10,10%の確率で相手の特防を1段階下げる
43,だいもんじ,ほのお,特殊,110,85,5,10%の確率で相手をやけど状態にする
44,だくりゅう,みず,特殊,90,85,10,30%の確率で相手の命中率を1段階下げる
45,たたりめ,ゴースト,特殊,65,100,10,相手が状態異常だと威力が2倍になる
46,たつまき,ドラゴン,特殊,40,100,20,20%の確率で相手をひるませる
47,チャージビーム,でんき,特殊,50,90,10,70%の確率で自分の特攻を上げる
48,チャームボイス,フェアリー,特殊,40,-,15,必ず命中する。相手の「みがわり」状態を貫通する
49,でんきショック,でんき,特殊,40,100,30,10%の確率で相手をまひ状態にする
50,でんげきは,でんき,特殊,60,-,20,必ず命中する
51,でんじほう,でんき,特殊,120,50,5,相手をまひ状態にする
52,トライアタック,ノーマル,特殊,80,100,10,20%の確率で相手をまひ、やけど、こおり状態のどれかにする
53,ドレインキッス,フェアリー,特殊,50,100,10,相手に与えたダメージの3/4のHPを回復する
54,どろかけ,じめん,特殊,20,100,10,相手の命中率を1段階下げる
55,ナイトヘッド,ゴースト,特殊,-,100,15,自分のレベルと同じダメージを相手に与える
56,なみのり,みず,特殊,90,100,15,通常の攻撃技
57,ねっぷう,ほのお,特殊,95,90,10,10%の確率で相手をやけど状態にする
58,ねんりき,エスパー,特殊,50,100,25,10%の確率で相手を1～4ターンの間こんらん状態にする
59,バークアウト,あく,特殊,55,95,15,相手の特攻を1段階下げる。相手の「みがわり」状態を貫通する
60,ハイドロポンプ,みず,特殊,110,80,5,通常の攻撃技
61,ハイパーボイス,ノーマル,特殊,90,100,10,相手の「みがわり」状態を貫通する
62,はかいこうせん,ノーマル,特殊,150,90,5,使用した次のターン動けなくなる
63,はきだす,ノーマル,特殊,-,100,10,「たくわえる」を使った分だけ威力が上がる。使うと「たくわえる」の効果はなくなる
64,ばくおんぱ,ノーマル,特殊,140,100,10,相手の「みがわり」状態を貫通する
65,はどうだん,かくとう,特殊,80,-,20,必ず命中する
66,はなびらのまい,くさ,特殊,120,100,10,2〜3ターンの間攻撃する。攻撃が終わると1～4ターンの間こんらんする
67,バブルこうせん,みず,特殊,65,100,20,10%の確率で相手の素早さを1段階下げる
68,パラボラチャージ,でんき,特殊,65,100,20,与えたダメージの半分のHPを回復する
69,パワージェム,いわ,特殊,80,100,20,通常の攻撃技
70,ひのこ,ほのお,特殊,40,100,25,10%の確率で相手をやけど状態にする
71,ふぶき,こおり,特殊,110,70,5,10%の確率で相手をこおり状態にする
72,フリーズドライ,こおり,特殊,70,100,20,10%の確率で相手をこおり状態にする。みずタイプにも効果バツグンになる
73,ふんえん,ほのお,特殊,80,100,15,30%の確率で相手をやけど状態にする
74,ふんか,ほのお,特殊,150,100,5,自分のHPが少ないほど技の威力は下がる。(威力=150×自分の残りHP÷自分の最大HP)で最高威力は150
75,ヘドロウェーブ,どく,特殊,95,100,10,10%の確率で相手をどく状態にする
76,ヘドロこうげき,どく,特殊,65,100,20,30%の確率で相手をどく状態にする
77,ヘドロばくだん,どく,特殊,90,100,10,30%の確率で相手をどく状態にする
78,ベノムショック,どく,特殊,65,100,10,相手がどく状態だと威力が2倍になる
79,ほうでん,でんき,特殊,80,100,15,30%の確率で相手をまひ状態にする
80,ぼうふう,ひこう,特殊,110,70,10,30%の確率で相手を1～4ターンの間こんらん状態にする。雨の時は必中になり、晴れの時は命中が50になる
81,ほのおのうず,ほのお,特殊,35,85,15,4〜5ターンの間、ターン終了時に最大HPの1/8ダメージを与える。その間ゴーストタイプ以外は交代できない
82,ボルトチェンジ,でんき,特殊,70,100,20,攻撃後、控えのポケモンと入れ替わる
83,マジカルシャイン,フェアリー,特殊,80,100,10,通常の攻撃技
84,マジカルフレイム,ほのお,特殊,75,100,10,相手の特攻を1段階下げる
85,マジカルリーフ,くさ,特殊,60,-,20,必ず命中する
86,マッドショット,じめん,特殊,55,95,15,相手の素早さを1段階下げる
87,まとわりつく,むし,特殊,20,100,20,4〜5ターンの間、ターン終了時に最大HPの1/8ダメージを与える。その間ゴーストタイプ以外は交代できない
88,みずしゅりけん,みず,特殊,15,100,20,1ターンに2～5回連続で攻撃する。必ず先制できる
89,みずでっぽう,みず,特殊,40,100,25,通常の攻撃技
90,みずのはどう,みず,特殊,60,100,20,20%の確率で相手を1～4ターンの間こんらん状態にする
91,ミラーコート,エスパー,特殊,-,100,20,必ず後攻になる。相手から受けた特殊攻撃のダメージを2倍にしてその相手に返す
92,みらいよち,エスパー,特殊,120,100,10,技を使った2ターン後に攻撃する
93,ムーンフォース,フェアリー,特殊,95,100,15,30%の確率で相手の特攻を1段階下げる
94,むしのさざめき,むし,特殊,90,100,10,10%の確率で相手の特防を1段階下げる。相手の「みがわり」状態を貫通する
95,むしのていこう,むし,特殊,50,100,20,相手の特攻を1段階下げる
96,メガドレイン,くさ,特殊,40,100,15,相手に与えたダメージの半分のHPを回復する
97,やきつくす,ほのお,特殊,60,100,15,相手がきのみなどを持っている場合燃やして使えなくする
98,ゆめくい,エスパー,特殊,100,100,15,ねむり状態の相手にのみ使える。相手に与えたダメージの半分のHPを回復する
99,ようかいえき,どく,特殊,40,100,30,10%の確率で相手の特防を1段階下げる
100,ようせいのかぜ,フェアリー,特殊,40,100,30,通常の攻撃技
101,ラスターカノン,はがね,特殊,80,100,10,10%の確率で相手の特防を1段階下げる
102,リーフストーム,くさ,特殊,130,90,5,自分の特攻が2段階下がる
103,りゅうのいぶき,ドラゴン,特殊,60,100,20,30%の確率で相手をまひ状態にする
104,りゅうのはどう,ドラゴン,特殊,85,100,10,通常の攻撃技
105,りんしょう,ノーマル,特殊,60,100,15,みんなで輪唱すると最初の攻撃に続けて出すことができ、2匹目以降の威力が2倍になる。相手の「みがわり」状態を貫通する
106,れいとうビーム,こおり,特殊,90,100,10,10%の確率で相手をこおり状態にする
107,れんごく,ほのお,特殊,100,50,5,相手をやけど状態にする
108,10まんばりき,じめん,物理,95,95,10,通常の攻撃技
109,アームハンマー,かくとう,物理,100,90,10,自分の素早さが1段階下がる
110,アイアンテール,はがね,物理,100,75,15,30%の確率で相手の防御を下げる
111,アイアンヘッド,はがね,物理,80,100,15,30%の確率で相手をひるませる
112,アクアジェット,みず,物理,40,100,20,必ず先制できる
113,アクアテール,みず,物理,90,90,10,通常の攻撃技
114,アクアブレイク,みず,物理,85,100,10,20%の確率で相手の防御を下げる
115,アクロバット,ひこう,物理,55,100,15,自分が道具を持っていない時ダメージが2倍になる
116,あなをほる,じめん,物理,80,100,10,1ターン目に地中に潜り2ターン目で攻撃する。地中にいる間は、「じしん」「マグニチュード」以外の技が当たらない
117,あばれる,ノーマル,物理,120,100,10,2〜3ターンの間攻撃する。攻撃が終わると1～4ターンの間こんらんする
118,イカサマ,あく,物理,95,100,15,相手の攻撃の能力値でダメージ計算する
119,いかりのまえば,ノーマル,物理,-,90,10,相手の残りHPを半分にする
120,いわおとし,いわ,物理,50,90,15,通常の攻撃技
121,いわくだき,かくとう,物理,40,100,15,50%の確率で相手の防御を下げる
122,いわなだれ,いわ,物理,75,90,10,30%の確率で相手をひるませる
123,インファイト,かくとう,物理,120,100,5,自分の防御と特防が1段階下がる
124,うちおとす,いわ,物理,50,100,15,「ふゆう」やひこうタイプに当てるとじめんタイプの技があたるようになる
125,ウッドハンマー,くさ,物理,120,100,15,相手に与えたダメージの1/3を自分も受ける
126,ウッドホーン,くさ,物理,75,100,10,相手に与えたダメージの半分を回復する
127,おどろかす,ゴースト,物理,30,100,15,30%の確率で相手をひるませる
128,かいりき,ノーマル,物理,80,100,15,通常の攻撃技
129,カウンター,かくとう,物理,-,100,20,必ず後攻になる。相手から受けた物理攻撃のダメージを2倍にしてその相手に返す
130,かえんぐるま,ほのお,物理,60,100,25,10%の確率で相手をやけど状態にする。自分がこおり状態の時でも使う事ができ、使うとこおり状態が治る
131,かげうち,ゴースト,物理,40,100,30,必ず先制できる
132,かたきうち,ノーマル,物理,70,100,5,前のターンに味方が倒されていると威力が2倍になる
133,かみくだく,あく,物理,80,100,15,20%の確率で相手の防御を下げる
134,かみつく,あく,物理,60,100,25,30%の確率で相手をひるませる
135,かみなりのキバ,でんき,物理,65,95,15,10%の確率で相手をまひ状態にするかひるませる
136,かみなりパンチ,でんき,物理,75,100,15,10%の確率で相手をまひ状態にする
137,がむしゃら,ノーマル,物理,-,100,5,相手のHPを自分の残りHPと同じになるようにダメージを与える
138,からげんき,ノーマル,物理,70,100,20,自分がどく、やけど、まひ状態の時に技の威力が2倍になる。やけど状態でも攻撃が下がらない
139,かわらわり,かくとう,物理,75,100,15,ひかりのかべ、リフレクター、オーロラベールを無視して攻撃し破壊できる
140,がんせきふうじ,いわ,物理,60,95,15,相手の素早さを1段階下げる
141,きあいパンチ,かくとう,物理,150,100,20,必ず後攻になる。技を出すまでに攻撃を受けると失敗する
142,ギガインパクト,ノーマル,物理,150,90,5,使用した次のターン動けなくなる
143,きしかいせい,かくとう,物理,-,100,15,自分のHPが少ないほど技の威力が上がる(20〜200)
144,きゅうけつ,むし,物理,80,100,10,相手に与えたダメージの半分のHPを回復する
145,きりさく,ノーマル,物理,70,100,20,急所に当たりやすい
146,クラブハンマー,みず,物理,100,90,10,急所に当たりやすい
147,クロスチョップ,かくとう,物理,100,80,5,急所に当たりやすい
148,クロスポイズン,どく,物理,70,100,20,10%の確率で相手をどく状態にする。急所に当たりやすい
149,げきりん,ドラゴン,物理,120,100,10,2〜3ターンの間攻撃する。攻撃が終わると1～4ターンの間こんらんする
150,けたぐり,かくとう,物理,-,100,20,相手が重いほど威力が上がる。10kg未満で20、25kg未満で40、50kg未満で60、100kg未満で80、200kg未満で100、200kg以上で120
151,こうげきしれい,むし,物理,90,100,15,急所に当たりやすい
152,こうそくスピン,ノーマル,物理,50,100,40,しめつけるなどのバインド技やまきびしなどの設置技の効果を無効化する。自分の素早さが1段階上がる
153,ゴーストダイブ,ゴースト,物理,90,100,10,1ターン目に消えて2ターン目に攻撃する。消えている間は技が当たらない。守りを無視して攻撃できる
154,こおりのキバ,こおり,物理,65,95,15,10%の確率で相手をこおり状態にするかひるませる
155,こおりのつぶて,こおり,物理,40,100,30,必ず先制できる
156,ゴッドバード,ひこう,物理,140,90,5,1ターン目にためて2ターン目に攻撃する。30%の確率で相手をひるませる。急所に当たりやすい
157,このは,くさ,物理,40,100,40,通常の攻撃技
158,コメットパンチ,はがね,物理,90,90,10,20%の確率で自分の攻撃が上がる
159,ころがる,いわ,物理,30,90,20,5ターンの間攻撃する。技が当たるたびに威力が2倍になる
160,サイコカッター,エスパー,物理,70,100,20,急所に当たりやすい
161,サイコファング,エスパー,物理,85,100,10,ひかりのかべ、リフレクター、オーロラベールを無視して攻撃し破壊できる
162,シェルブレード,みず,物理,75,95,10,50%の確率で相手の防御を下げる
163,じごくづき,あく,物理,80,100,15,受けた相手は2ターンの間音の技を出せなくなる
164,シザークロス,むし,物理,80,100,15,通常の攻撃技
165,じしん,じめん,物理,100,100,10,通常の攻撃技
166,したでなめる,ゴースト,物理,30,100,30,30%の確率で相手をまひ状態にする
167,じたばた,ノーマル,物理,-,100,15,自分のHPが少ないほど技の威力が上がる(20〜200)
168,じだんだ,じめん,物理,75,100,10,前のターンに技を外すか行動できていないと威力が2倍になる
169,しっぺがえし,あく,物理,50,100,10,相手よりあとに攻撃すると技の威力が2倍になる
170,じならし,じめん,物理,60,100,20,相手の素早さを1段階下げる
171,しねんのずつき,エスパー,物理,80,90,15,20%の確率で相手をひるませる
172,じばく,ノーマル,物理,200,100,5,使った後に「ひんし」になる
173,しめつける,ノーマル,物理,15,85,20,4〜5ターンの間、ターン終了時に最大HPの1/8ダメージを与える。その間ゴーストタイプ以外は交代できない
174,ジャイロボール,はがね,物理,-,100,5,相手より素早さが遅いほど威力が上がる。(威力=25×相手の素早さ÷自分の素早さ+1)で最高威力は150
175,シャドークロー,ゴースト,物理,70,100,15,急所に当たりやすい
176,シャドーパンチ,ゴースト,物理,60,-,20,必ず命中する
177,じゃれつく,フェアリー,物理,90,90,10,10%の確率で相手の攻撃を1段階下げる
178,じわれ,じめん,物理,-,30,5,一撃必殺。(30+自分のレベル-相手のレベル)が命中率になり、相手のレベルの方が高いと失敗する
179,しんそく,ノーマル,物理,80,100,5,必ず先制できる
180,ずつき,ノーマル,物理,70,100,15,30%の確率で相手をひるませる
181,すてみタックル,ノーマル,物理,120,100,15,相手に与えたダメージの1/3を自分も受ける
182,ストーンエッジ,いわ,物理,100,80,5,急所に当たりやすい
183,すなじごく,じめん,物理,35,85,15,4〜5ターンの間、ターン終了時に最大HPの1/8ダメージを与える。その間ゴーストタイプ以外は交代できない
184,スパーク,でんき,物理,65,100,20,10%の確率で相手をまひ状態にする
185,スマートホーン,はがね,物理,70,-,10,必ず命中する
186,せいなるつるぎ,かくとう,物理,90,100,15,相手の能力変化を無視してダメージを与える
187,ソーラーブレード,くさ,物理,125,100,10,1ターン目にためて2ターン目に攻撃する。天気が晴れのときはためたターンに攻撃できる
188,そらをとぶ,ひこう,物理,90,95,15,1ターン目に空へ飛び2ターン目に攻撃する。飛んでいる間は特定の技以外受けない
189,たいあたり,ノーマル,物理,40,100,35,通常の攻撃技
190,だいばくはつ,ノーマル,物理,250,100,5,使った後に「ひんし」になる
191,ダイビング,みず,物理,80,100,10,1ターン目に水中に潜り2ターン目に攻撃する。水中にいる間は特定の技以外受けない
192,たきのぼり,みず,物理,80,100,15,20%の確率で相手をひるませる
193,ダストシュート,どく,物理,120,80,5,30%の確率で相手をどく状態にする
194,たたきつける,ノーマル,物理,80,75,20,通常の攻撃技
195,タネばくだん,くさ,物理,80,100,15,通常の攻撃技
196,タネマシンガン,くさ,物理,25,100,30,1ターンに2～5回連続で攻撃する
197,ダブルアタック,ノーマル,物理,35,90,10,1ターンに2回連続で攻撃する
198,ダメおし,あく,物理,60,100,10,そのターンに相手がすでにダメージを受けていたら技の威力が2倍になる
199,ちきゅうなげ,かくとう,物理,-,100,20,自分のレベルと同じダメージを相手に与える
200,ついばむ,ひこう,物理,60,100,20,相手がきのみを持っていると食べて効果を受けられる
201,つけあがる,あく,物理,20,100,10,自分の能力ランク上昇1つにつき威力が20上がる
202,つじぎり,あく,物理,70,100,15,急所に当たりやすい
203,つつく,ひこう,物理,35,100,35,通常の攻撃技
204,つっぱり,かくとう,物理,15,100,20,1ターンに2～5回連続で攻撃する
205,つのでつく,ノーマル,物理,65,100,25,通常の攻撃技
206,つばさでうつ,ひこう,物理,60,100,35,通常の攻撃技
207,つばめがえし,ひこう,物理,60,-,20,必ず命中する
208,つららおとし,こおり,物理,85,90,10,30%の確率で相手をひるませる
209,つららばり,こおり,物理,25,100,30,1ターンに2～5回連続で攻撃する
210,であいがしら,むし,物理,90,100,10,戦闘に出たターンでないと成功しない。必ず先制できる
211,でんこうせっか,ノーマル,物理,40,100,30,必ず先制できる
212,どくづき,どく,物理,80,100,20,30%の確率で相手をどく状態にする
213,どくどくのキバ,どく,物理,50,100,15,50%の確率で相手をもうどく状態にする。「もうどく」状態は受けるダメージが1/16、2/16〜と毎ターン徐々に増えていく
214,どくばり,どく,物理,15,100,35,30%の確率で相手をどく状態にする
215,とっしん,ノーマル,物理,90,85,20,相手に与えたダメージの1/4を自分も受ける
216,とっておき,ノーマル,物理,140,100,5,戦闘中に覚えている他の技をすべて使うと使えるようになる
217,とどめばり,むし,物理,50,100,25,この技で相手を倒すと攻撃が2段階上がる
218,とびかかる,むし,物理,80,100,15,相手の攻撃を1段階下げる
219,とびはねる,ひこう,物理,85,85,5,1ターン目に飛び跳ねて2ターン目に攻撃する。飛んでいる間は特定の技以外受けない。30%の確率で相手をまひ状態にする
220,とびひざげり,かくとう,物理,130,90,10,はずすと自分が最大HPの半分のダメージを受ける
221,ともえなげ,かくとう,物理,60,90,10,必ず後攻になる。相手のポケモンを強制的に交代させる。野生のポケモンの場合は戦闘を終了する
222,ドラゴンクロー,ドラゴン,物理,80,100,15,通常の攻撃技
223,ドラゴンダイブ,ドラゴン,物理,100,75,10,20%の確率で相手をひるませる
224,ドラゴンテール,ドラゴン,物理,60,90,10,必ず後攻になる。相手のポケモンを強制的に交代させる。野生のポケモンの場合は戦闘を終了する
225,ドリルくちばし,ひこう,物理,80,100,20,通常の攻撃技
226,ドリルライナー,じめん,物理,80,95,10,急所に当たりやすい
227,ドレインパンチ,かくとう,物理,75,100,10,相手に与えたダメージの半分のHPを回復する
228,トロピカルキック,くさ,物理,70,100,15,相手の攻撃を1段階下げる
229,どろぼう,あく,物理,60,100,25,攻撃時に相手の持っている道具を奪う。自分が道具を持っている場合は奪えない
230,とんぼがえり,むし,物理,70,100,20,攻撃後、控えのポケモンと入れ替わる
231,なげつける,あく,物理,-,100,10,持たせた道具を投げつけて攻撃する。道具で威力と効果が変わる
232,にどげり,かくとう,物理,30,100,30,1ターンに2回連続で攻撃する
233,ニトロチャージ,ほのお,物理,50,100,20,自分の素早さを1段階上げる
234,ねこだまし,ノーマル,物理,40,100,10,戦闘に出たターンでないと成功しない。必ず先制でき、相手をひるませる
235,ネコにこばん,ノーマル,物理,40,100,20,戦闘の後でお金がもらえる
236,のしかかり,ノーマル,物理,85,100,15,30%の確率で相手をまひ状態にする
237,ばかぢから,かくとう,物理,120,100,5,自分の攻撃と防御が1段階下がる
238,はがねのつばさ,はがね,物理,70,90,25,10%の確率で自分の防御が上がる
239,ばくれつパンチ,かくとう,物理,100,50,5,相手を1～4ターンの間こんらん状態にする
240,ハサミギロチン,ノーマル,物理,-,30,5,一撃必殺。(30+自分のレベル-相手のレベル)が命中率になり、相手のレベルの方が高いと失敗する
241,はさむ,ノーマル,物理,55,100,30,通常の攻撃技
242,はたきおとす,あく,物理,65,100,20,戦闘終了まで道具を持っていない状態にする。道具を持つ相手には威力が1.5倍になる
243,はたく,ノーマル,物理,40,100,35,通常の攻撃技
244,はっけい,かくとう,物理,60,100,10,30%の確率で相手をまひ状態にする
245,はっぱカッター,くさ,物理,55,95,25,急所に当たりやすい
246,はなふぶき,くさ,物理,90,100,15,通常の攻撃技
247,バレットパンチ,はがね,物理,40,100,30,必ず先制できる
248,パワーウィップ,くさ,物理,120,85,10,通常の攻撃技
249,ヒートスタンプ,ほのお,物理,-,100,10,自分が相手より重いほど威力が上がる。相手の重さの1/5以下で120、1/4以下で120、1/3以下で80、1/2以下で60、1/2より上で40
250,ひっかく,ノーマル,物理,40,100,35,通常の攻撃技
251,びりびりちくちく,でんき,物理,80,100,10,30%の確率で相手をひるませる
252,ふいうち,あく,物理,70,100,5,必ず先制できる。相手がだす技が攻撃技でないと失敗する
253,フェイント,ノーマル,物理,30,100,10,守っている相手に攻撃できる。守りの効果を解除させる
254,ふくろだたき,あく,物理,-,100,10,仲間のポケモンが多いほど技の攻撃回数が増える
255,ふみつけ,ノーマル,物理,65,100,20,30%の確率で相手をひるませる
256,フライングプレス,かくとう,物理,100,95,10,ひこうタイプの技としても扱う
257,フレアドライブ,ほのお,物理,120,100,15,相手に与えたダメージの1/3を自分も受ける。10%の確率で相手をやけど状態にする。自分がこおり状態の時でも使う事ができ、使うとこおり状態が治る
258,ブレイククロー,ノーマル,物理,75,95,10,50%の確率で相手の防御を下げる
259,ブレイブバード,ひこう,物理,120,100,15,相手に与えたダメージの1/3を自分も受ける
260,プレゼント,ノーマル,物理,-,90,15,ランダムで威力が40、80、120になる。最大HPの1/4回復になることもある
261,ぶんまわす,あく,物理,60,100,20,通常の攻撃技
262,ヘビーボンバー,はがね,物理,-,100,10,自分が相手より重いほど威力が上がる。相手の重さが自分の重さの1/5以下で120、1/4以下で100、1/3以下で80、1/2以下で60、1/2より上で40
263,ポイズンテール,どく,物理,50,100,25,10%の確率で相手をどく状態にする。急所に当たりやすい
264,ボーンラッシュ,じめん,物理,25,90,10,1ターンに2～5回連続で攻撃する
265,ほしがる,ノーマル,物理,60,100,25,攻撃時に相手の持っている道具を奪う。自分が道具を持っている場合は奪えない
266,ほっぺすりすり,でんき,物理,20,100,20,相手をまひ状態にする
267,ほのおのキバ,ほのお,物理,65,95,15,10%の確率で相手をやけど状態にするかひるませる
268,ほのおのパンチ,ほのお,物理,75,100,15,10%の確率で相手をやけど状態にする
269,ほのおのムチ,ほのお,物理,80,100,15,相手の防御を1段階下げる
270,まきつく,ノーマル,物理,15,90,20,4〜5ターンの間、ターン終了時に最大HPの1/8ダメージを与える。その間ゴーストタイプ以外は交代できない
271,マッハパンチ,かくとう,物理,40,100,30,必ず先制できる
272,ミサイルばり,むし,物理,25,95,20,1ターンに2～5回連続で攻撃する
273,みだれづき,ノーマル,物理,15,85,20,1ターンに2～5回連続で攻撃する
274,みだれひっかき,ノーマル,物理,18,80,15,1ターンに2～5回連続で攻撃する
275,みねうち,ノーマル,物理,40,100,40,倒せる攻撃でも必ず相手のHPが1だけ残る
276,むしくい,むし,物理,60,100,20,相手がきのみを持っていると食べて効果を受けられる
277,メガトンキック,ノーマル,物理,120,75,5,通常の攻撃技
278,メガホーン,むし,物理,120,85,10,通常の攻撃技
279,メタルクロー,はがね,物理,50,95,35,10%の確率で自分の攻撃が上がる
280,メタルバースト,はがね,物理,-,100,10,出す前に最後に受けた技のダメージを1.5倍にして相手に返す
281,もろはのずつき,いわ,物理,150,80,5,相手に与えたダメージの1/2を自分も受ける
282,ゆきなだれ,こおり,物理,60,100,10,必ず後攻になる。そのターン相手からダメージを受けていると威力が2倍になる
283,リーフブレード,くさ,物理,90,100,15,急所に当たりやすい
284,れいとうパンチ,こおり,物理,75,100,15,10%の確率で相手をこおり状態にする
285,れんぞくぎり,むし,物理,40,95,20,連続で当てるたびに威力が2倍になる
286,ローキック,かくとう,物理,65,100,20,相手の素早さを1段階下げる
287,ロックブラスト,いわ,物理,25,90,10,1ターンに2～5回連続で攻撃する
288,ワイルドボルト,でんき,物理,90,100,15,相手に与えたダメージの1/4を自分も受ける
289,アクアリング,みず,変化,-,-,20,使用後ターン終了時に最大HPの1/16回復する
290,あくび,ノーマル,変化,-,-,10,次のターンに相手をねむり状態にする
291,あさのひざし,ノーマル,変化,-,-,5,天気が通常の時は最大HPの1/2、晴れ状態の時は最大HPの2/3、それ以外の時は最大HPの1/4回復する
292,あまいかおり,ノーマル,変化,-,100,20,相手の回避率を2段階下げる
293,あまえる,フェアリー,変化,-,100,20,相手の攻撃を2段階下げる
294,あまごい,みず,変化,-,-,5,5ターンの間、天気を雨にする。みずタイプの威力が1.5倍になり、ほのおタイプの威力は半減する
295,あやしいひかり,ゴースト,変化,-,100,10,相手を1～4ターンの間こんらん状態にする
296,アロマミスト,フェアリー,変化,-,-,20,味方の特防を1段階上げる
297,アンコール,ノーマル,変化,-,100,5,相手が直前に出した技を3回続けて出させる
298,いえき,どく,変化,-,100,10,相手の特性の効果を消す
299,いかりのこな,むし,変化,-,-,20,必ず先制できる。そのターンの相手の攻撃をすべて自分にむける。くさタイプや粉が効かない相手には無効
300,いたみわけ,ノーマル,変化,-,-,20,自分のHPと相手のHPを足して半分ずつに分ける
301,いちゃもん,あく,変化,-,100,15,同じ技を2回連続で出せなくする
302,いとをはく,むし,変化,-,95,40,相手の素早さを2段階下げる
303,いばる,ノーマル,変化,-,85,15,相手を1～4ターンの間こんらん状態にする。相手の攻撃を2段階上げる
304,いやしのねがい,エスパー,変化,-,-,10,自分を「ひんし」にして、次に出す自分のポケモンのHPを全回復する
305,いやしのはどう,エスパー,変化,-,-,10,相手の最大HPの半分のHPを回復する
306,いやなおと,ノーマル,変化,-,85,40,相手の防御を2段階下げる。相手の「みがわり」状態を貫通する
307,うそなき,あく,変化,-,100,20,相手の特防を2段階下げる
308,うたう,ノーマル,変化,-,55,15,相手をねむり状態にする。相手の「みがわり」状態を貫通する
309,うらみ,ゴースト,変化,-,100,10,相手が最後に使った技のPPを4減らす
310,エレキフィールド,でんき,変化,-,-,10,5ターンの間「エレキフィールド」にする。地面にいるポケモンは眠らなくなり、でんきタイプの威力が1.3倍になる
311,えんまく,ノーマル,変化,-,100,20,相手の命中率を1段階下げる
312,おいかぜ,ひこう,変化,-,-,15,4ターンの間味方全員の素早さが2倍になる
313,オーロラベール,こおり,変化,-,-,20,5ターンの間、相手の物理と特殊のダメージを半減する。味方が複数の場合は半減ではなく2/3になる。急所に当たった場合は軽減されない。天気が雪の時しか出せない
314,おきみやげ,あく,変化,-,100,10,自分は「ひんし」にして相手の攻撃と特攻を2段階下げる
315,おさきにどうぞ,ノーマル,変化,-,-,15,受けた相手は自分の行動の後に続けて行動する
316,おたけび,ノーマル,変化,-,100,30,相手の攻撃と特攻を1段階下げる。相手の「みがわり」状態を貫通する
317,おだてる,あく,変化,-,100,15,相手を1～4ターンの間こんらん状態にする。相手の特攻を1段階上げる
318,おにび,ほのお,変化,-,85,15,相手をやけど状態にする
319,ガードシェア,エスパー,変化,-,-,10,自分と相手の防御と特防を足して半分に分けた数値にする
320,ガードスワップ,エスパー,変化,-,-,10,自分と相手の防御と特防の能力変化を入れ替える
321,かいでんぱ,でんき,変化,-,100,15,相手の特攻を2段階下げる
322,かげぶんしん,ノーマル,変化,-,-,15,自分の回避率を1段階上げる
323,かたくなる,ノーマル,変化,-,-,30,自分の防御を1段階上げる
324,かなしばり,ノーマル,変化,-,100,20,相手が直前に出した技を4ターンの間使えなくする
325,からにこもる,みず,変化,-,-,40,自分の防御を1段階上げる
326,からをやぶる,ノーマル,変化,-,-,15,自分の防御と特防を1段階下げ、攻撃と特攻と素早さを2段階上げる
327,きあいだめ,ノーマル,変化,-,-,30,自分の攻撃が急所に当たりやすくなる
328,ギアチェンジ,はがね,変化,-,-,10,自分の攻撃を1段階上げ、素早さを2段階上げる
329,キノコのほうし,くさ,変化,-,100,15,相手を1～3ターンの間ねむり状態にする。くさタイプや粉が効かない相手には無効
330,きりばらい,ひこう,変化,-,-,15,相手の回避率を1段階下げる。相手の「リフレクター」などの効果や、お互いの「まきびし」などの設置技の効果を無効化する
331,きんぞくおん,はがね,変化,-,85,40,相手の特防を2段階下げる。相手の「みがわり」状態を貫通する
332,くすぐる,ノーマル,変化,-,100,20,相手の攻撃と防御を1段階下げる
333,グラスフィールド,くさ,変化,-,-,10,5ターンの間「グラスフィールド」にする。地面にいるポケモンは毎ターン最大HPの1/16回復し、くさタイプの威力が1.3倍になる。「じしん」「じならし」「マグニチュード」の威力が半減する
334,くろいきり,こおり,変化,-,-,30,戦闘中のポケモン全員の能力変化を元に戻す
335,くろいまなざし,ノーマル,変化,-,-,5,ゴーストタイプ以外は交代できなくなる。自分が場を離れると効果は消える
336,こうごうせい,くさ,変化,-,-,5,天気が通常の時は最大HPの1/2、晴れ状態の時は最大HPの2/3、それ以外の時は最大HPの1/4回復する
337,こうそくいどう,エスパー,変化,-,-,30,自分の素早さを2段階上げる
338,コスモパワー,エスパー,変化,-,-,20,自分の防御と特防を1段階上げる
339,コットンガード,くさ,変化,-,-,10,自分の防御を3段階上げる
340,このゆびとまれ,ノーマル,変化,-,-,20,必ず先制できる。そのターンの相手の攻撃をすべて自分にむける
341,こらえる,ノーマル,変化,-,-,10,必ず先制できる。攻撃を受けてもHPを1だけ残して耐える。連続で出すと失敗しやすい
342,こわいかお,ノーマル,変化,-,100,10,相手の素早さを2段階下げる
343,サイコフィールド,エスパー,変化,-,-,10,5ターンの間「サイコフィールド」にする。地面にいるすべてのポケモンは、相手の先制技を受けなくなり、エスパータイプの技の威力が1.3倍になる
344,サイドチェンジ,エスパー,変化,-,-,15,必ず先制できる。自分と味方1体の位置を交代する
345,さいはい,エスパー,変化,-,-,15,相手が最後に使用した技をその場でもう一度使わせる。『はかいこうせん』など反動のある技などは失敗する
346,さいみんじゅつ,エスパー,変化,-,60,20,相手を1～3ターンの間ねむり状態にする
347,さきおくり,あく,変化,-,100,15,相手は素早さに関係なく、行動が最後になる
348,じこあんじ,ノーマル,変化,-,-,10,能力変化の状態を相手と同じにする
349,じこさいせい,ノーマル,変化,-,-,5,最大HPの半分を回復する
350,しっぽをふる,ノーマル,変化,-,100,30,相手の防御を1段階下げる
351,じばそうさ,でんき,変化,-,-,20,自分と味方全体の特性が「プラス」「マイナス」のポケモンの防御と特防が1段階ずつ上がる
352,しびれごな,くさ,変化,-,75,30,相手をまひ状態にする。でんき/くさタイプ、粉が効かない相手には無効
353,じゅうでん,でんき,変化,-,-,20,次ターン、自分のでんきタイプの技の威力が2倍になる。自分の特防が1段階上がる
354,じゅうりょく,エスパー,変化,-,-,5,5ターンの間、すべてのポケモンの命中率が5/3倍になる。また、特性「ふゆう」や、ひこうタイプのポケモンにじめん技が当たるようになる。空中に留まる技が使えなくなり、使用している場合は解除される
355,しろいきり,こおり,変化,-,-,30,5ターンの間、自分と味方のポケモンは能力を下げられなくなる。交代しても効果は続く
356,しんぴのまもり,ノーマル,変化,-,-,25,5ターンの間、自分と味方は状態異常にならない。交代しても効果は続く
357,シンプルビーム,ノーマル,変化,-,100,15,相手の特性が「たんじゅん」になる
358,スキルスワップ,エスパー,変化,-,-,10,自分と相手の特性を入れ替える。ただし、一部の特性は入れ替えられない
359,すてゼリフ,あく,変化,-,100,20,相手の攻撃、特攻を1段階下げたあと、手持ちのポケモンと入れ替わる。相手の「みがわり」状態を貫通する
360,ステルスロック,いわ,変化,-,-,20,使用後、相手はポケモンを交代する度に、出てきたポケモンは最大HPの1/8のダメージを受ける。ダメージはタイプ相性の影響を受ける
361,すなあらし,いわ,変化,-,-,10,5ターンの間、天気を砂嵐にする。いわ・じめん・はがねタイプ以外のポケモンは、毎ターン最大HPの1/16のダメージを受ける。いわタイプのポケモンは特防が1.5倍になる
362,すなかけ,じめん,変化,-,100,15,相手の命中率を1段階下げる
363,スピードスワップ,エスパー,変化,-,-,10,自分と相手の素早さを入れ替える
364,すりかえ,あく,変化,-,100,10,相手と自分が持つ道具を入れ替える。片方しか道具を持っていない場合も成功する
365,せいちょう,ノーマル,変化,-,-,20,自分の攻撃、特攻が1段階ずつ上がる。天気が晴れ状態の時は、2段階ずつ上がる
366,たくわえる,ノーマル,変化,-,-,20,自分の防御と特防を1段階ずつ上げる。技「のみこむ」と「はきだす」の効果を上げる。3回までたくわえられる
367,ちいさくなる,ノーマル,変化,-,-,10,自分の回避率を2段階上げる。ただし、「のしかかり」「ふみつけ」などの一部の技が必ず命中し威力2倍で受けるようになる
368,ちからをすいとる,くさ,変化,-,100,10,相手の攻撃の能力値と同じ値だけ自分のHPを回復し、相手の攻撃を1段階下げる。すでに最大まで下がっていると失敗する
369,ちょうおんぱ,ノーマル,変化,-,55,20,相手を1～4ターンの間こんらん状態にする。相手の「みがわり」状態を貫通する
370,ちょうのまい,むし,変化,-,-,20,自分の特攻、特防、素早さが1段階ずつ上がる
371,ちょうはつ,あく,変化,-,100,20,3ターンの間、相手は変化技が使えなくなる
372,つきのひかり,フェアリー,変化,-,-,5,天気が通常の時は最大HPの1/2、晴れ状態の時は最大HPの2/3、それ以外の時は最大HPの1/4回復する
373,つぶらなひとみ,フェアリー,変化,-,100,30,必ず先制できる。相手の攻撃を1段階下げる
374,つぼをつく,ノーマル,変化,-,-,30,HP以外の全能力の中からランダムで1つが2段階上がる
375,つめとぎ,あく,変化,-,-,15,自分の攻撃と命中率が1段階ずつ上がる
376,つるぎのまい,ノーマル,変化,-,-,20,自分の攻撃を2段階上げる
377,てだすけ,ノーマル,変化,-,-,20,必ず先制できる。使用したターン中、味方の技の威力を1.5倍にする
378,てっぺき,はがね,変化,-,-,15,自分の防御を2段階上げる
379,テレポート,エスパー,変化,-,-,20,必ず後攻になる。手持ちのポケモンと入れ替わる
380,てんしのキッス,フェアリー,変化,-,75,10,相手を1～4ターンの間こんらん状態にする
381,でんじは,でんき,変化,-,90,20,相手をまひ状態にする。じめん/でんきタイプには無効
382,でんじふゆう,でんき,変化,-,-,10,5ターンの間、ふゆう状態となり、じめんタイプの技やフィールド状態などの効果を受けなくなる
383,とおせんぼう,ノーマル,変化,-,-,5,ゴーストタイプ以外は交代できなくなる。自分が場を離れると効果は消える
384,トーチカ,どく,変化,-,-,10,必ず先制できる。使用したターンの間、相手の攻撃を防ぐと同時に、直接攻撃をした相手をどく状態にする。連続で使うと失敗しやすくなる
385,とおぼえ,ノーマル,変化,-,-,40,自分と味方の攻撃を1段階ずつ上げる。味方が「みがわり」状態でも効果が発動する
386,どくガス,どく,変化,-,90,40,相手をどく状態にする。どく/はがねタイプには無効
387,どくどく,どく,変化,-,90,10,相手をもうどく状態にする。どく/はがねタイプには無効。もうどく状態は受けるダメージが1/16、2/16〜と毎ターン徐々に増えていく
388,どくのこな,どく,変化,-,75,35,相手をどく状態にする。くさ/どく/はがねタイプ、粉が効かない相手には無効
389,どくびし,どく,変化,-,-,20,使用後、相手はポケモンを交代する度に、出てきたポケモンがどく状態になる。2回使うともうどく状態になる。ひこうタイプや特性「ふゆう」のポケモンは影響を受けない。地面にいるどくタイプのポケモンが出ると効果がなくなる
390,とぐろをまく,どく,変化,-,-,20,自分の攻撃、防御、命中率が1段階ずつ上がる
391,とける,どく,変化,-,-,20,自分の防御を2段階上げる
392,トリック,エスパー,変化,-,100,10,相手と自分が持っている道具を入れ替える。片方しか道具を持っていない場合も成功する
393,トリックルーム,エスパー,変化,-,-,5,必ず後攻になる。5ターンの間、素早さが低いポケモンから攻撃できるようになる。必ず先制攻撃できる技には無効。効果ターン中に再び使用すると元に戻る
394,ドわすれ,エスパー,変化,-,-,20,自分の特防を2段階上げる
395,ないしょばなし,ノーマル,変化,-,-,20,相手の特攻を1段階下げる。必ず命中する。相手の「みがわり」状態を貫通する
396,なかまづくり,ノーマル,変化,-,100,15,相手の特性を自分と同じ特性にする
397,なかよくする,ノーマル,変化,-,-,20,相手の攻撃を1段階下げる。必ず命中する
398,なきごえ,ノーマル,変化,-,100,40,相手の攻撃を1段階下げる。相手の「みがわり」状態を貫通する
399,なまける,ノーマル,変化,-,-,5,最大HPの半分を回復する
400,なみだめ,ノーマル,変化,-,-,20,相手の攻撃と特攻を1段階ずつ下げる。必ず命中する
401,なやみのタネ,くさ,変化,-,100,10,相手の特性を「ふみん」にする。「なまけ」など特定の特性だと失敗する
402,なりきり,エスパー,変化,-,-,10,自分の特性を相手の特性と同じにする。特定の特性はコピーできない
403,ニードルガード,くさ,変化,-,-,10,必ず先制できる。使用したターンの間、相手の攻撃を防ぐと同時に、直接攻撃をした相手の最大HPの1/8のダメージを与える。連続で使うと失敗しやすくなる
404,にほんばれ,ほのお,変化,-,-,5,5ターンの間、天気を晴れ状態にする。ほのおタイプの技のダメージが1.5倍になり、みずタイプの技のダメージが半減する。こおり状態にならない
405,にらみつける,ノーマル,変化,-,100,30,相手の防御を1段階下げる
406,ねがいごと,ノーマル,変化,-,-,10,次ターン終了時に最大HPの半分を回復する。交代した場合は同じ位置のポケモンが回復する
407,ねごと,ノーマル,変化,-,-,10,自分がねむり状態の時のみ使用可能。自分の持っている技のうち1つをランダムで使う
408,ねばねばネット,むし,変化,-,-,20,使用後、相手はポケモンを交代する度に、出てきたポケモンの素早さが1段階下がる。ひこうタイプや特性「ふゆう」のポケモンは影響を受けない
409,ねむりごな,くさ,変化,-,75,15,相手を1～3ターンの間ねむり状態にする。くさタイプや粉が効かない相手には無効
410,ねむる,エスパー,変化,-,-,5,HPと状態異常を全回復した後、2ターンの間ねむり状態になる
411,ねをはる,くさ,変化,-,-,20,毎ターンHPが最大HPの1/16ずつ回復するが、交代できなくなる。じめんタイプの技が当たるようになる
412,のみこむ,ノーマル,変化,-,-,10,「たくわえる」を使った数だけHPが多く回復する。1回目は最大HPの1/4、2回目は最大HPの1/2、3回目は全回復する。「たくわえる」を使っていない時は失敗する
413,のろい,ゴースト,変化,-,-,10,自分がゴーストタイプの時は自分のHPを最大HPの半分減らして、相手を「のろい」状態にする。のろい状態になると毎ターン、相手のHPが最大HPの1/4ずつ減る。ゴーストタイプ以外の場合、素早さが1段階下がり、攻撃と防御が1段階ずつ上がる
414,バトンタッチ,ノーマル,変化,-,-,40,控えのポケモンと交代し、かかっている能力変化や補助効果を引き継ぐ
415,はねやすめ,ひこう,変化,-,-,5,HPが最大HPの半分回復するが、使用したターンはひこうタイプではなくなる
416,はねる,ノーマル,変化,-,-,40,なにも起こらない
417,はらだいこ,ノーマル,変化,-,-,10,自分のHPを最大HPの半分だけ減らす代わりに、自分の攻撃を最大まで上げる
418,パワーシェア,エスパー,変化,-,-,10,自分と相手の攻撃と特攻を足して半分に分ける
419,パワースワップ,エスパー,変化,-,-,10,自分と相手の攻撃と特攻の能力変化を入れ替える
420,パワートリック,エスパー,変化,-,-,10,自分の攻撃と防御を入れ替える。ランクは変化しない
421,ひかりのかべ,エスパー,変化,-,-,30,5ターンの間、相手の特殊攻撃のダメージを半減する。味方が複数の場合は半減ではなく2/3になる。急所に当たった場合は軽減されない
422,ビルドアップ,かくとう,変化,-,-,20,自分の攻撃と防御を1段階ずつ上げる
423,ファストガード,かくとう,変化,-,-,15,必ず先制できる。自分と味方を相手の先制攻撃から守る
424,ふういん,エスパー,変化,-,-,10,自分が場を離れるまで、相手が自分と同じ技をおぼえていたら相手だけその技を使えなくする
425,フェザーダンス,ひこう,変化,-,100,15,相手の攻撃を2段階下げる
426,ふきとばし,ノーマル,変化,-,-,20,必ず後攻になる。相手のポケモンを強制的に交代させる。必ず命中する。野生のポケモンの場合、相手が自分のレベルより高い場合は失敗する。相手の「みがわり」状態を貫通する
427,フラフラダンス,ノーマル,変化,-,100,20,相手を1～4ターンの間こんらん状態にする
428,ふるいたてる,ノーマル,変化,-,-,30,自分の攻撃と特攻ランクが1段階ずつ上がる
429,へびにらみ,ノーマル,変化,-,100,30,相手をまひ状態にする。でんきタイプには無効
430,へんしん,ノーマル,変化,-,-,10,一時的に、相手と同じポケモンになる。HP・持ち物・状態異常などはコピーされずそのままとなり、技のPPはすべて5になる。交代すると元に戻る
431,ぼうぎょしれい,むし,変化,-,-,10,自分の防御と特防ランクが1段階ずつ上がる
432,ほえる,ノーマル,変化,-,-,20,必ず後攻になる。相手のポケモンを強制的に交代させる。必ず命中する。野生のポケモンの場合、相手が自分のレベルより高い場合は失敗する。相手の「みがわり」状態を貫通する
433,ほろびのうた,ノーマル,変化,-,-,5,3ターン終了後に、この技を使った時に出ていた自分を含むすべてのポケモンは「ひんし」状態になる。それまでに交代したポケモンは効果が消える。「みがわり」状態を貫通する
434,まきびし,じめん,変化,-,-,20,使用後、相手はポケモンを交代する度に、出てきたポケモンがダメージを受ける。3回まで使うことができ、1回目は最大HPの1/8、2回目は最大HPの1/6、3回目は最大HPの1/4のダメージを与える。ひこうタイプや特性「ふゆう」のポケモンは影響を受けない
435,マジックルーム,エスパー,変化,-,-,10,5ターンの間、すべてのポケモンの道具の効果がなくなる
436,まねっこ,ノーマル,変化,-,-,20,最後に使われた技で相手に攻撃する。自分の技も対象となる
437,まもる,ノーマル,変化,-,-,10,必ず先制できる。そのターンの間、相手の技を受けない。連続で使うと失敗しやすくなる
438,まるくなる,ノーマル,変化,-,-,40,自分の防御を1段階上げる
439,みがわり,ノーマル,変化,-,-,10,自分のHPを最大HPの1/4だけ減らして分身を作り、分身のHPが0になるまですべての攻撃を自分の代わりに分身が受ける。音系の技などはそのまま受ける。分身は状態異常にならない
440,みきり,かくとう,変化,-,-,5,必ず先制できる。そのターンの間、相手の技を受けない。連続で使うと失敗しやすくなる
441,ミストフィールド,フェアリー,変化,-,-,10,5ターンの間「ミストフィールド」にする。地面にいるポケモンは状態異常にならず、ドラゴンタイプの技の受けるダメージが半減する。すでに状態異常の場合は回復しない
442,みずびたし,みず,変化,-,100,20,相手をみずタイプにする
443,みちづれ,ゴースト,変化,-,-,5,次の自分のターンまでに相手の攻撃で「ひんし」になると、相手も「ひんし」になる
444,ミラータイプ,ノーマル,変化,-,-,15,自分のタイプを相手と同じタイプにする
445,めいそう,エスパー,変化,-,-,20,自分の特攻と特防が1段階ずつ上がる
446,メロメロ,ノーマル,変化,-,100,15,相手が自分とは異なる性別の場合、相手を「メロメロ」状態にする。「メロメロ」状態になると、50%の確率で攻撃できなくなる
447,ものまね,ノーマル,変化,-,-,10,相手が最後に自分に使った技が使えるようになるが、交代すると元に戻る
448,やどりぎのタネ,くさ,変化,-,90,10,毎ターン相手のHPを最大HPの1/8ずつ減らし、その分自分のHPを回復する。自分は交代しても効果が引き継ぐ
449,ゆびをふる,ノーマル,変化,-,-,10,多くの技の中からランダムで1つ使う
450,リサイクル,ノーマル,変化,-,-,10,自分が最後に使用した持ち物の道具を手に入れる。道具を持っている場合は失敗する
451,リフレクター,エスパー,変化,-,-,20,5ターンの間、相手の物理攻撃のダメージを半減する。味方が複数の場合は半減ではなく2/3になる。急所に当たった場合は軽減されない
452,りゅうのまい,ドラゴン,変化,-,-,20,自分の攻撃と素早さランクを1段階ずつ上げる
453,ロックオン,ノーマル,変化,-,-,5,次ターンに使った相手への自分の技が必ず命中する
454,ロックカット,いわ,変化,-,-,20,自分の素早さが2段階上がる
455,ワイドガード,いわ,変化,-,-,10,必ず先制できる。そのターンの間、相手や味方が使った複数のポケモンが対象の技を受けない
456,わたほうし,くさ,変化,-,100,40,相手の素早さを2段階下げる。くさタイプや粉が効かない相手には無効
457,わるだくみ,あく,変化,-,-,20,自分の特攻を2段階上げる
458,ワンダールーム,エスパー,変化,-,-,10,5ターンの間、すべてのポケモンの防御と特防の能力値が入れ替わる。効果ターン中に再び使用すると元に戻る
459,かえんボール,ほのお,物理,120,90,5,10%の確率で相手をやけど状態にする。自分がこおり状態の時でも使う事ができ、使用するとこおり状態が治る
460,ほおばる,ノーマル,変化,-,-,10,自分が持つ「きのみ」を即座に発動させ、さらに自分の防御を2段階上げる
461,くらいつく,あく,物理,80,100,10,自分と相手のどちらかが「ひんし」になるまで、交代できなくなる。自分か相手がゴーストタイプの場合は追加効果はない
462,いのちのしずく,みず,変化,-,-,10,HPをそれぞれ最大HPの1/4ずつ回復する。特性「ちょすい」「よびみず」の味方は技の効果は無効
463,タールショット,いわ,変化,-,100,15,相手の素早さを1段階下げる。相手の弱点にほのおタイプを追加する
464,Gのちから,くさ,物理,80,100,10,相手の防御を1段階下げる。場が「じゅうりょく」状態の時、威力が1.5倍になる
465,りんごさん,くさ,特殊,80,100,10,相手の特防を1段階下げる
466,どげざつき,あく,物理,80,-,10,必ず命中する
467,ソウルクラッシュ,フェアリー,物理,75,100,15,相手の特攻を1段階下げる
468,まほうのこな,エスパー,変化,-,100,20,相手をエスパータイプにする。くさタイプや粉が効かない相手には無効
469,オーバードライブ,でんき,特殊,80,100,10,相手の「みがわり」状態を貫通する
470,おちゃかい,ノーマル,変化,-,-,10,場にいるすべてのポケモンが持っている「きのみ」を即座に使って効果を発動させる
471,はいすいのじん,かくとう,変化,-,-,5,自分の全ての能力が1段階ずつ上がるが、交代できなくなる。2回目からは成功しない。自分がゴーストタイプの場合は交代可能
472,ワイドブレイカー,ドラゴン,物理,60,100,15,相手の攻撃を1段階下げる
473,ドラゴンアロー,ドラゴン,物理,50,100,10,1ターンに2回連続で攻撃する。相手が2匹いる場合は、それぞれに1回ずつ攻撃する。ダメージを与えられない時は片方に2回攻撃する
474,ボディプレス,かくとう,物理,80,100,10,自分の防御と防御ランクを攻撃の数値にしてダメージ計算する
475,つるのムチ,くさ,物理,45,100,25,通常の攻撃技
476,かげぬい,ゴースト,物理,80,100,10,ゴーストタイプ以外は交代できなくなる。自分が場を離れると効果は消える
477,ナイトバースト,あく,特殊,85,95,10,40%の確率で相手の命中率を1段階下げる
478,いやしのすず,ノーマル,変化,-,-,5,自分と味方全体の状態異常を治す。味方が「みがわり」状態でも効果が発動する
479,てっていこうせん,はがね,特殊,140,95,5,自分のHPを最大HPの半分だけ減らす。「まもる」などで技を無効化された場合も自分のHPは半分減る
480,りゅうせいぐん,ドラゴン,特殊,130,90,5,使用後に自分の特攻が2段階下がる
481,くさのちかい,くさ,特殊,80,100,10,ダブルバトル時に技「ほのおのちかい」と組み合わせて使用すると4ターンの間ほのおタイプ以外の相手にダメージを与え、技「みずのちかい」と組み合わせると4ターンの間相手の素早さが下がる。また、威力が150になる
482,ほのおのちかい,ほのお,特殊,80,100,10,ダブルバトル時に技「くさのちかい」と組み合わせて使用すると4ターンの間毎ターンほのおタイプ以外の相手にダメージを与え、技「みずのちかい」と組み合わせて使用すると4ターンの間技の追加効果が出やすくなる。威力が150になる
483,みずのちかい,みず,特殊,80,100,10,ダブルバトル時に技「ほのおのちかい」と組み合わせて使用すると4ターンの間技の追加効果が出やすくなり、技「くさのちかい」と組み合わせて使用すると4ターンの間相手の「すばやさ」が下がる。威力が150になる。攻撃対象を変更する効果の影響を受けずに攻撃できる
484,ハードプラント,くさ,特殊,150,90,5,使用した次のターン動けなくなる
485,ブラストバーン,ほのお,特殊,150,90,5,使用した次のターン動けなくなる
486,ハイドロカノン,みず,特殊,150,90,5,使用した次のターン動けなくなる
487,ボルテッカー,でんき,物理,120,100,15,10%の確率で相手をまひ状態にする。相手に与えたダメージの33%を自分も受ける
488,ワイドフォース,エスパー,特殊,80,100,10,場の状態が「サイコフィールド」で、自分がひこうタイプや特性「ふゆう」などではなく地面にいる時、威力が1.5倍になり、敵全体への攻撃になる
489,アイアンローラー,はがね,物理,130,100,5,場のフィールド状態を解除する。いずれの状態でもない時は技が失敗する
490,スケイルショット,ドラゴン,物理,25,90,20,1ターンに2～5回連続で攻撃する。その後、自分の防御が1段階下がり、素早さランクが1段階上がる
491,だいちのはどう,ノーマル,特殊,50,100,10,場がフィールド状態で、自分がひこうタイプや特性「ふゆう」などではなく地面にいる時、技のタイプが変化し威力が2倍になる
492,はいよるいちげき,むし,物理,70,90,10,相手の特攻を1段階下げる
493,クイックターン,みず,物理,60,100,20,攻撃後、控えのポケモンと入れ替わる
494,ダブルウイング,ひこう,物理,40,90,10,1ターンに2回連続で攻撃する
495,タマゴうみ,ノーマル,変化,-,-,5,最大HPの半分を回復する
496,ミルクのみ,ノーマル,変化,-,-,5,最大HPの半分を回復する
497,ほのおのまい,ほのお,特殊,80,100,10,50%の確率で自分の特攻が1段階上がる
498,フェアリーロック,フェアリー,変化,-,-,10,次ターン終了まで、すべてのゴーストタイプ以外のポケモンは逃げたり交代できなくなる
499,アクセルロック,いわ,物理,40,100,20,必ず先制できる
500,すなあつめ,じめん,変化,-,-,5,最大HPの半分を回復する。天気が砂嵐の時は最大HPの2/3回復する
501,アイスハンマー,こおり,物理,100,90,10,自分の素早さが1段階下がる
502,めざめるダンス,ノーマル,特殊,90,100,15,オドリドリのフォルムで技のタイプが変わる(「めらめら」がほのお、「ぱちぱち」がでんき、「ふらふら」がエスパー、「まいまい」がゴースト)
503,ハッピータイム,ノーマル,変化,-,-,30,戦闘の後に手に入るお金が2倍になる
504,おいわい,ノーマル,変化,-,-,40,なにも起こらない
505,とびつく,むし,物理,50,100,20,相手の素早さを1段階下げる
506,くさわけ,くさ,物理,50,100,20,自分の素早さが1段階上がる
507,ひやみず,みず,特殊,50,100,20,相手の攻撃を1段階下げる
508,ウェーブタックル,みず,物理,120,100,10,相手に与えたダメージの1/3を自分も受ける
509,ぶちかまし,じめん,物理,120,100,5,自分の防御と特防が1段階ずつ下がる
510,うらみつらみ,ゴースト,特殊,75,100,10,相手の攻撃を1段階下げる
511,テラバースト,ノーマル,特殊,80,100,10,テラスタル中だとテラスタイプと同じタイプの技になり、攻撃と特攻を比べて高い方でダメージを与える
512,トリックフラワー,くさ,物理,70,-,10,必ず命中し急所にも当たる
513,フレアソング,ほのお,特殊,80,100,10,自分の特攻を1段階上げる。相手の「みがわり」状態を貫通する
514,アクアステップ,みず,物理,80,100,10,自分の素早さを1段階上げる
515,アクセルブレイク,かくとう,物理,100,100,5,効果バツグンの時、威力が1.3倍になる
516,イナズマドライブ,でんき,特殊,100,100,5,効果バツグンの時、威力が1.3倍になる
517,しっぽきり,ノーマル,変化,-,-,10,自分のHPを半分だけ減らして分身を作り、控えのポケモンと入れ替わる
518,おかたづけ,ノーマル,変化,-,-,10,まきびし、ステルスロック、ねばねばネット、どくびし、みがわりを全て無効にする。自分の攻撃と素早さが1段階上がる
519,ゆきげしき,こおり,変化,-,-,10,5ターンの間、天気を雪にする。こおりタイプのポケモンは防御が1.5倍になる
520,ハイパードリル,ノーマル,物理,100,100,5,相手のまもるやみきりなどを無視する
521,ツインビーム,エスパー,特殊,40,100,10,1ターンに2回連続で攻撃する
522,アーマーキャノン,ほのお,特殊,120,100,5,自分の防御と特防が1段階ずつ下がる
523,むねんのつるぎ,ほのお,物理,90,100,10,相手に与えたダメージの半分のHPを回復する
524,スレッドトラップ,むし,変化,-,-,10,必ず先制できる。相手の攻撃技を防ぎ、接触してきた相手の素早さを1段階下げる
525,かかとおとし,かくとう,物理,120,90,10,相手を30%の確率で混乱させる。はずすと自分が最大HPの半分のダメージを受ける
526,おはかまいり,ゴースト,物理,50,100,10,倒された味方のポケモン1体につき、技の威力が50増える
527,ルミナコリジョン,エスパー,特殊,80,100,10,相手の特防を2段階下げる
528,いっちょうあがり,ドラゴン,物理,80,100,10,口の中にいるシャリタツの姿によって能力が1段階上がる(「そった」が攻撃、「たれた」が防御、「のびた」が素早さ)
529,ジェットパンチ,みず,物理,60,100,15,必ず先制できる
530,ハバネロエキス,くさ,変化,-,-,15,相手の攻撃を2段階上げ、防御を2段階下げる
531,ホイールスピン,はがね,物理,100,100,5,自分の素早さが2段階下がる
532,ネズミざん,ノーマル,物理,20,90,10,1−10回の間連続で攻撃する。1回毎に命中判定があり、外れた時点で技が終了する
533,アイススピナー,こおり,物理,80,100,15,場のフィールド状態を解除する
534,きょけんとつげき,ドラゴン,物理,120,100,5,使用後から次の行動までの相手の攻撃が、必ず命中しダメージが2倍になる
535,さいきのいのり,ノーマル,変化,-,-,1,控えにいるひんしのポケモンをHPを半分の状態で復活させる
536,しおづけ,いわ,物理,40,100,15,毎ターン最大HPの1/8ダメージを与える。はがねとみずタイプにはダメージが1/4になる
537,トリプルダイブ,みず,物理,30,95,10,1ターンに3回連続で攻撃する
538,キラースピン,どく,物理,30,100,15,しめつけるなどのバインド技やまきびしなどの設置技の効果を無効化する。相手をどく状態にする
539,うつしえ,ノーマル,変化,-,100,10,自分と味方の特性を相手と同じ特性に変化させる
540,みをけずる,ノーマル,変化,-,-,10,自分のHPを半分削り、攻撃と特攻と素早さを2段階ずつ上げる
541,ドゲザン,あく,物理,85,-,10,必ず命中する
542,カタストロフィ,あく,特殊,-,90,10,相手の残りHPを半分にする
543,ふんどのこぶし,ゴースト,物理,50,100,10,受けた攻撃の回数1回につき技の威力が50上がる。最大350
544,でんこうそうげき,でんき,物理,120,100,5,使用後自分のでんきタイプがなくなる
545,デカハンマー,はがね,物理,160,100,5,前のターンに使用していると出せなくなる
546,ほうふく,あく,物理,-,100,10,出す前に最後に受けた技のダメージを1.5倍にして相手に返す
547,アクアカッター,みず,物理,70,100,20,急所に当たりやすい
548,レイジングブル,ノーマル,物理,90,100,10,種によって技のタイプが変わる(「コンバット種」がかくとう、「ブレイズ種」がほのお、「ウォーター種」がみず)。ひかりのかべやリフレクターなどを破壊する
549,ゴールドラッシュ,はがね,特殊,120,100,5,自分の特攻が1段階下がる。戦闘のあとでお金ももらえる
550,さむいギャグ,こおり,変化,-,-,10,5ターンの間、天気を雪にして、控えのポケモンと入れ替わる
551,ハイドロスチーム,みず,特殊,80,100,15,日差しが強いとき技の威力が1.5倍になる
552,サイコブレイド,エスパー,物理,80,100,15,エレキフィールドにいるとき技の威力が1.5倍にな
