,pokemon_name,h,a,b,c,d,s,type_1,type_2,ability_1,ability_2,ability_3
0,ニャオハ,40,61,54,45,45,65,くさ,,しんりょく,へんげんじざい,
1,ニャローテ,61,80,63,60,63,83,くさ,,しんりょく,へんげんじざい,
2,マスカーニャ,76,110,70,81,70,123,くさ,あく,しんりょく,へんげんじざい,
3,ホゲータ,67,45,59,63,40,36,ほのお,,もうか,てんねん,
4,アチゲータ,81,55,78,90,58,49,ほのお,,もうか,てんねん,
5,ラウドボーン,104,75,100,110,75,66,ほのお,ゴースト,もうか,てんねん,
6,クワッス,55,65,45,50,45,50,みず,,げきりゅう,じしんかじょう,
7,ウェルカモ,70,85,65,65,60,65,みず,,げきりゅう,じしんかじょう,
8,ウェーニバル,85,120,80,85,75,85,みず,かくとう,げきりゅう,じしんかじょう,
9,グルトン,54,45,40,35,45,35,ノーマル,,アロマベール,くいしんぼう,あついしぼう
10,パフュートン-オス,110,100,75,59,80,65,ノーマル,,とれないにおい,くいしんぼう,あついしぼう
11,パフュートン-メス,115,90,70,59,90,65,ノーマル,,アロマベール,くいしんぼう,あついしぼう
12,タマンチュラ,35,41,45,29,40,20,むし,,ふみん,はりこみ,
13,ワナイダー,60,79,92,52,86,35,むし,,ふみん,はりこみ,
14,マメバッタ,33,46,40,21,25,45,むし,,むしのしらせ,いろめがね,
15,エクスレッグ,71,102,78,52,55,92,むし,あく,むしのしらせ,いろめがね,
16,ハネッコ,35,35,40,35,55,50,くさ,ひこう,ようりょくそ,リーフガード,すりぬけ
17,ポポッコ,55,45,50,45,65,80,くさ,ひこう,ようりょくそ,リーフガード,すりぬけ
18,ワタッコ,75,55,70,55,95,110,くさ,ひこう,ようりょくそ,リーフガード,すりぬけ
19,ヤヤコマ,45,50,43,40,38,62,ノーマル,ひこう,はとむね,はやてのつばさ,
20,ヒノヤコマ,62,73,55,56,52,84,ほのお,ひこう,ほのおのからだ,はやてのつばさ,
21,ファイアロー,78,81,71,74,69,126,ほのお,ひこう,ほのおのからだ,はやてのつばさ,
22,パモ,45,50,20,40,25,60,でんき,,せいでんき,しぜんかいふく,てつのこぶし
23,パモット,60,75,40,50,40,85,でんき,かくとう,ちくでん,しぜんかいふく,てつのこぶし
24,パーモット,70,115,70,70,60,105,でんき,かくとう,ちくでん,しぜんかいふく,てつのこぶし
25,デルビル,45,60,30,80,50,65,あく,ほのお,はやおき,もらいび,きんちょうかん
26,ヘルガー,75,90,50,110,80,95,あく,ほのお,はやおき,もらいび,きんちょうかん
27,ヤングース,48,70,30,30,30,45,ノーマル,,はりこみ,がんじょうあご,てきおうりょく
28,デカグース,88,110,60,55,60,45,ノーマル,,はりこみ,がんじょうあご,てきおうりょく
29,ホシガリス,70,55,55,35,35,25,ノーマル,,ほおぶくろ,くいしんぼう,
30,ヨクバリス,120,95,95,55,75,20,ノーマル,,ほおぶくろ,くいしんぼう,
31,ヒマナッツ,30,30,30,30,30,30,くさ,,ようりょくそ,サンパワー,はやおき
32,キマワリ,75,75,55,105,85,30,くさ,,ようりょくそ,サンパワー,はやおき
33,コロボーシ,37,25,41,25,41,25,むし,,だっぴ,にげあし,
34,コロトック,77,85,51,55,51,65,むし,,むしのしらせ,テクニシャン,
35,コフキムシ,38,35,40,27,25,35,むし,,りんぷん,ふくがん,フレンドガード
36,コフーライ,45,22,60,27,30,29,むし,,だっぴ,フレンドガード,
37,ビビヨン,80,52,50,90,50,89,むし,ひこう,りんぷん,ふくがん,フレンドガード
38,ミツハニー,30,30,42,30,42,70,むし,ひこう,みつあつめ,はりきり,
39,ビークイン,70,80,102,80,102,40,むし,ひこう,プレッシャー,きんちょうかん,
40,ココガラ,38,47,35,33,35,57,ひこう,,するどいめ,きんちょうかん,はとむね
41,アオガラス,68,67,55,43,55,77,ひこう,,するどいめ,きんちょうかん,はとむね
42,アーマーガア,98,87,105,53,85,67,ひこう,はがね,プレッシャー,きんちょうかん,ミラーアーマー
43,ピンプク,100,5,5,15,65,30,ノーマル,,しぜんかいふく,てんのめぐみ,フレンドガード
44,ラッキー,250,5,5,35,105,50,ノーマル,,しぜんかいふく,てんのめぐみ,いやしのこころ
45,ハピナス,255,10,10,75,135,55,ノーマル,,しぜんかいふく,てんのめぐみ,いやしのこころ
46,ルリリ,50,20,40,20,40,20,ノーマル,フェアリー,あついしぼう,ちからもち,そうしょく
47,マリル,70,20,50,20,50,40,みず,フェアリー,あついしぼう,ちからもち,そうしょく
48,マリルリ,100,50,80,60,80,50,みず,フェアリー,あついしぼう,ちからもち,そうしょく
49,アメタマ,40,30,32,50,52,65,むし,みず,すいすい,あめうけざら,
50,アメモース,70,60,62,100,82,80,むし,ひこう,いかく,きんちょうかん,
51,ブイゼル,55,65,35,60,30,85,みず,,すいすい,みずのベール,
52,フローゼル,85,105,55,85,50,115,みず,,すいすい,みずのベール,
53,ウパー-パルデア,55,45,45,25,25,15,どく,じめん,どくのトゲ,ちょすい,てんねん
54,ドオー,130,75,60,45,100,20,どく,じめん,どくのトゲ,ちょすい,てんねん
55,コダック,50,52,48,65,50,55,みず,,しめりけ,ノーてんき,すいすい
56,ゴルダック,80,82,78,95,80,85,みず,,しめりけ,ノーてんき,すいすい
57,カムカメ,50,64,50,38,38,44,みず,,がんじょうあご,シェルアーマー,すいすい
58,カジリガメ,90,115,90,48,68,74,みず,いわ,がんじょうあご,シェルアーマー,すいすい
59,ププリン,90,30,15,40,20,15,ノーマル,フェアリー,メロメロボディ,かちき,フレンドガード
60,プリン,115,45,20,45,25,20,ノーマル,フェアリー,メロメロボディ,かちき,フレンドガード
61,プクリン,140,70,45,85,50,45,ノーマル,フェアリー,メロメロボディ,かちき,おみとおし
62,ラルトス,28,25,25,45,35,40,エスパー,フェアリー,シンクロ,トレース,テレパシー
63,キルリア,38,35,35,65,55,50,エスパー,フェアリー,シンクロ,トレース,テレパシー
64,サーナイト,68,65,65,125,115,80,エスパー,フェアリー,シンクロ,トレース,テレパシー
65,エルレイド,68,125,65,65,115,80,エスパー,かくとう,ふくつのこころ,きれあじ,せいぎのこころ
66,スリープ,60,48,45,43,90,42,エスパー,,ふみん,よちむ,せいしんりょく
67,スリーパー,85,73,70,73,115,67,エスパー,,ふみん,よちむ,せいしんりょく
68,ゴース,30,35,30,100,35,80,ゴースト,どく,ふゆう,,
69,ゴースト,45,50,45,115,55,95,ゴースト,どく,ふゆう,,
70,ゲンガー,60,65,60,130,75,110,ゴースト,どく,のろわれボディ,,
71,ワッカネズミ,50,50,45,40,45,75,ノーマル,,にげあし,ものひろい,マイペース
72,イッカネズミ,74,75,70,65,75,111,ノーマル,,フレンドガード,ほおぶくろ,テクニシャン
73,ピチュー,20,40,15,35,35,60,でんき,,せいでんき,ひらいしん,
74,ピカチュウ,35,55,40,50,50,90,でんき,,せいでんき,ひらいしん,
75,ライチュウ,60,90,55,90,80,110,でんき,,せいでんき,ひらいしん,
76,パピモッチ,37,55,70,30,55,65,フェアリー,,マイペース,ぶきよう,
77,バウッツェル,57,80,115,50,80,95,フェアリー,,こんがりボディ,アロマベール,
78,ナマケロ,60,60,60,35,35,30,ノーマル,,なまけ,,
79,ヤルキモノ,80,80,80,55,55,90,ノーマル,,やるき,,
80,ケッキング,150,160,100,95,65,100,ノーマル,,なまけ,,
81,アマカジ,42,30,38,30,38,32,くさ,,リーフガード,どんかん,スイートベール
82,アママイコ,52,40,48,40,48,62,くさ,,リーフガード,どんかん,スイートベール
83,アマージョ,72,120,98,50,98,72,くさ,,リーフガード,じょおうのいげん,スイートベール
84,ミニーブ,41,35,45,58,51,30,くさ,ノーマル,はやおき,しゅうかく,
85,オリーニョ,52,53,60,78,78,33,くさ,ノーマル,はやおき,しゅうかく,
86,オリーヴァ,78,69,90,125,109,39,くさ,ノーマル,こぼれダネ,しゅうかく,
87,ウソハチ,50,80,95,10,45,10,いわ,,がんじょう,いしあたま,びびり
88,ウソッキー,70,100,115,30,65,30,いわ,,がんじょう,いしあたま,びびり
89,イワンコ,45,65,40,30,40,60,いわ,,するどいめ,,
90,ルガルガン-まひる,75,115,65,55,65,112,いわ,,するどいめ,すなかき,ふくつのこころ
91,ルガルガン-まよなか,85,115,75,55,75,82,いわ,,するどいめ,やるき,ノーガード
92,ルガルガン-たそがれ,75,117,65,55,65,110,いわ,,かたいツメ,,
93,タンドン,30,40,50,40,50,30,いわ,,じょうききかん,たいねつ,もらいび
94,トロッゴン,80,60,90,60,70,50,いわ,ほのお,じょうききかん,ほのおのからだ,もらいび
95,セキタンザン,110,80,120,80,90,30,いわ,ほのお,じょうききかん,ほのおのからだ,もらいび
96,コリンク,45,65,34,40,34,45,でんき,,とうそうしん,いかく,こんじょう
97,ルクシオ,60,85,49,60,49,60,でんき,,とうそうしん,いかく,こんじょう
98,レントラー,80,120,79,95,79,70,でんき,,とうそうしん,いかく,こんじょう
99,ムックル,40,55,30,30,30,60,ノーマル,ひこう,するどいめ,すてみ,
100,ムクバード,55,75,50,40,40,80,ノーマル,ひこう,いかく,すてみ,
101,ムクホーク,85,120,70,50,60,100,ノーマル,ひこう,いかく,すてみ,
102,オドリドリ-めらめらスタイル,75,70,70,98,70,93,ほのお,ひこう,おどりこ,,
103,オドリドリ-ぱちぱちスタイル,75,70,70,98,70,93,でんき,ひこう,おどりこ,,
104,オドリドリ-ふらふらスタイル,75,70,70,98,70,93,エスパー,ひこう,おどりこ,,
105,オドリドリ-まいまいスタイル,75,70,70,98,70,93,ゴースト,ひこう,おどりこ,,
106,メリープ,55,40,40,65,45,35,でんき,,せいでんき,プラス,
107,モココ,70,55,55,80,60,45,でんき,,せいでんき,プラス,
108,デンリュウ,90,75,85,115,90,55,でんき,,せいでんき,プラス,
109,チュリネ,45,35,50,70,50,30,くさ,,ようりょくそ,マイペース,リーフガード
110,ドレディア,70,60,75,110,75,90,くさ,,ようりょくそ,マイペース,リーフガード
111,キノココ,60,40,60,40,60,35,くさ,,ほうし,ポイズンヒール,はやあし
112,キノガッサ,60,130,80,60,60,70,くさ,かくとう,ほうし,ポイズンヒール,テクニシャン
113,カジッチュ,40,40,80,40,40,20,くさ,ドラゴン,じゅくせい,くいしんぼう,ぼうだん
114,アップリュー,70,110,80,95,60,70,くさ,ドラゴン,じゅくせい,くいしんぼう,はりきり
115,タルップル,110,85,80,100,80,30,くさ,ドラゴン,じゅくせい,くいしんぼう,あついしぼう
116,バネブー,60,25,35,70,80,60,エスパー,,あついしぼう,マイペース,くいしんぼう
117,ブーピッグ,80,45,65,90,110,80,エスパー,,あついしぼう,マイペース,くいしんぼう
118,イキリンコ,82,96,51,45,51,92,ノーマル,ひこう,いかく,,
119,ムウマ,60,60,60,85,85,85,ゴースト,,ふゆう,,
120,ムウマージ,60,60,60,105,105,105,ゴースト,,ふゆう,,
121,マクノシタ,72,60,30,20,30,25,かくとう,,あついしぼう,こんじょう,ちからずく
122,ハリテヤマ,144,120,60,40,60,50,かくとう,,あついしぼう,こんじょう,ちからずく
123,マケンカニ,47,82,57,42,47,63,かくとう,,かいりきバサミ,てつのこぶし,いかりのつぼ
124,ケケンカニ,97,132,77,62,67,43,かくとう,こおり,かいりきバサミ,てつのこぶし,いかりのつぼ
125,ヤトウモリ,48,44,40,71,40,77,どく,ほのお,ふしょく,どんかん,
126,エンニュート,68,64,60,111,60,117,どく,ほのお,ふしょく,どんかん,
127,ゴマゾウ,90,60,60,40,40,40,じめん,,ものひろい,すながくれ,
128,ドンファン,90,120,120,60,60,50,じめん,,がんじょう,すながくれ,
129,ゾウドウ,72,80,49,40,49,40,はがね,,ちからずく,ヘヴィメタル,
130,ダイオウドウ,122,130,69,80,69,30,はがね,,ちからずく,ヘヴィメタル,
131,フカマル,58,70,45,40,45,42,ドラゴン,じめん,すながくれ,さめはだ,
132,ガバイト,68,90,65,50,55,82,ドラゴン,じめん,すながくれ,さめはだ,
133,ガブリアス,108,130,95,80,85,102,ドラゴン,じめん,すながくれ,さめはだ,
134,コジオ,55,55,75,35,35,25,いわ,,きよめのしお,がんじょう,クリアボディ
135,ジオヅム,60,60,100,35,65,35,いわ,,きよめのしお,がんじょう,クリアボディ
136,キョジオーン,100,100,130,45,90,35,いわ,,きよめのしお,がんじょう,クリアボディ
137,キャモメ,40,30,30,55,30,85,みず,ひこう,するどいめ,うるおいボディ,あめうけざら
138,ペリッパー,60,50,100,95,70,65,みず,ひこう,するどいめ,あめふらし,あめうけざら
139,コイキング,20,10,55,15,20,80,みず,,すいすい,びびり,
140,ギャラドス,95,125,79,60,100,81,みず,ひこう,いかく,じしんかじょう,
141,サシカマス,41,63,40,40,30,66,みず,,すいすい,スクリューおびれ,
142,カマスジョー,61,123,60,60,50,136,みず,,すいすい,スクリューおびれ,
143,バスラオ-あかすじ,70,92,65,80,55,98,みず,,すてみ,てきおうりょく,かたやぶり
144,バスラオ-あおすじ,70,92,65,80,55,98,みず,,いしあたま,てきおうりょく,かたやぶり
145,ゴクリン,70,43,53,43,53,40,どく,,ヘドロえき,ねんちゃく,くいしんぼう
146,マルノーム,100,73,83,73,83,55,どく,,ヘドロえき,ねんちゃく,くいしんぼう
147,ニャース,40,45,35,40,40,90,ノーマル,,ものひろい,テクニシャン,きんちょうかん
148,ペルシアン,65,70,60,65,65,115,ノーマル,,じゅうなん,テクニシャン,きんちょうかん
149,フワンテ,90,50,34,60,44,70,ゴースト,ひこう,ゆうばく,かるわざ,ねつぼうそう
150,フワライド,150,80,44,90,54,80,ゴースト,ひこう,ゆうばく,かるわざ,ねつぼうそう
151,フラベベ,44,38,39,61,79,42,フェアリー,,フラワーベール,きょうせい,
152,フラエッテ,54,45,47,75,98,52,フェアリー,,フラワーベール,きょうせい,
153,フラージェス,78,65,68,112,154,75,フェアリー,,フラワーベール,きょうせい,
154,ディグダ,10,55,25,35,45,95,じめん,,すながくれ,ありじごく,すなのちから
155,ダグトリオ,35,100,50,50,70,120,じめん,,すながくれ,ありじごく,すなのちから
156,コータス,70,85,140,85,70,20,ほのお,,しろいけむり,ひでり,シェルアーマー
157,ドンメル,60,60,40,65,45,35,ほのお,じめん,どんかん,たんじゅん,マイペース
158,バクーダ,70,100,70,105,75,40,ほのお,じめん,マグマのよろい,ハードロック,いかりのつぼ
159,ドーミラー,57,24,86,24,86,23,はがね,エスパー,ふゆう,たいねつ,ヘヴィメタル
160,ドータクン,67,89,116,79,116,33,はがね,エスパー,ふゆう,たいねつ,ヘヴィメタル
161,キバゴ,46,87,60,30,40,57,ドラゴン,,とうそうしん,かたやぶり,きんちょうかん
162,オノンド,66,117,70,40,50,67,ドラゴン,,とうそうしん,かたやぶり,きんちょうかん
163,オノノクス,76,147,90,60,70,97,ドラゴン,,とうそうしん,かたやぶり,きんちょうかん
164,マンキー,40,80,35,35,45,70,かくとう,,やるき,いかりのつぼ,まけんき
165,オコリザル,65,105,60,60,70,95,かくとう,,やるき,いかりのつぼ,まけんき
166,コノヨザル,110,115,80,50,90,90,かくとう,ゴースト,やるき,せいしんりょく,まけんき
167,アサナン,30,40,55,40,55,60,かくとう,エスパー,ヨガパワー,テレパシー,
168,チャーレム,60,60,75,60,75,80,かくとう,エスパー,ヨガパワー,テレパシー,
169,リオル,40,70,40,35,40,60,かくとう,,ふくつのこころ,せいしんりょく,いたずらごころ
170,ルカリオ,70,110,70,115,70,90,かくとう,はがね,ふくつのこころ,せいしんりょく,せいぎのこころ
171,カルボウ,40,50,40,50,40,35,ほのお,,もらいび,ほのおのからだ,
172,グレンアルマ,85,60,100,125,80,75,ほのお,エスパー,もらいび,くだけるよろい,
173,ソウブレイズ,75,125,80,60,100,85,ほのお,ゴースト,もらいび,くだけるよろい,
174,ドジョッチ,50,48,43,46,41,60,みず,じめん,どんかん,きけんよち,うるおいボディ
175,ナマズン,110,78,73,76,71,60,みず,じめん,どんかん,きけんよち,うるおいボディ
176,ズピカ,61,31,41,59,35,45,でんき,,マイペース,せいでんき,しめりけ
177,ハラバリー,109,64,91,103,83,45,でんき,,でんきにかえる,せいでんき,しめりけ
178,ヌメラ,45,50,35,55,75,40,ドラゴン,,そうしょく,うるおいボディ,ぬめぬめ
179,ヌメイル,68,75,53,83,113,60,ドラゴン,,そうしょく,うるおいボディ,ぬめぬめ
180,ヌメルゴン,90,100,70,110,150,80,ドラゴン,,そうしょく,うるおいボディ,ぬめぬめ
181,グレッグル,48,61,40,61,40,50,どく,かくとう,きけんよち,かんそうはだ,どくしゅ
182,ドクロッグ,83,106,65,86,65,85,どく,かくとう,きけんよち,かんそうはだ,どくしゅ
183,カイデン,40,40,35,55,40,70,でんき,ひこう,ふうりょくでんき,ちくでん,かちき
184,タイカイデン,70,70,60,105,60,125,でんき,ひこう,ふうりょくでんき,ちくでん,かちき
185,イーブイ,55,55,50,45,65,55,ノーマル,,にげあし,てきおうりょく,きけんよち
186,シャワーズ,130,65,60,110,95,65,みず,,ちょすい,うるおいボディ,
187,サンダース,65,65,60,110,95,130,でんき,,ちくでん,はやあし,
188,ブースター,65,130,60,95,110,65,ほのお,,もらいび,こんじょう,
189,エーフィ,65,65,60,130,95,110,エスパー,,シンクロ,マジックミラー,
190,ブラッキー,95,65,110,60,130,65,あく,,シンクロ,せいしんりょく,
191,リーフィア,65,110,130,60,65,95,くさ,,リーフガード,ようりょくそ,
192,グレイシア,65,60,110,130,95,65,こおり,,ゆきがくれ,アイスボディ,
193,ニンフィア,95,65,65,110,130,60,フェアリー,,メロメロボディ,フェアリースキン,
194,ノコッチ,100,70,70,65,65,45,ノーマル,,てんのめぐみ,にげあし,びびり
195,ノココッチ,125,100,80,85,75,55,ノーマル,,てんのめぐみ,にげあし,びびり
196,シキジカ,60,60,50,40,50,75,ノーマル,くさ,ようりょくそ,そうしょく,てんのめぐみ
197,メブキジカ,80,100,70,60,70,95,ノーマル,くさ,ようりょくそ,そうしょく,てんのめぐみ
198,キリンリキ,70,80,65,90,65,85,ノーマル,エスパー,せいしんりょく,はやおき,そうしょく
199,リキキリン,120,90,70,110,70,60,ノーマル,エスパー,はんすう,テイルアーマー,そうしょく
200,ベトベター,80,80,50,40,50,25,どく,,あくしゅう,ねんちゃく,どくしゅ
201,ベトベトン,105,105,75,65,100,50,どく,,あくしゅう,ねんちゃく,どくしゅ
202,オラチフ,60,78,60,40,51,51,あく,,いかく,にげあし,はりこみ
203,マフィティフ,80,120,90,60,70,85,あく,,いかく,ばんけん,はりこみ
204,エレズン,40,38,35,54,35,40,でんき,どく,びびり,せいでんき,ぶきよう
205,ストリンダー-ハイなすがた,75,98,70,114,70,75,でんき,どく,パンクロック,プラス,テクニシャン
206,ストリンダー-ローなすがた,75,98,70,114,70,75,でんき,どく,パンクロック,マイナス,テクニシャン
207,デデンネ,67,58,57,81,67,101,でんき,フェアリー,ほおぶくろ,ものひろい,プラス
208,パチリス,60,45,70,45,90,95,でんき,,にげあし,ものひろい,ちくでん
209,シルシュルー,40,65,35,40,35,75,どく,ノーマル,かるわざ,わるいてぐせ,いたずらごころ
210,タギングル,63,95,65,80,72,110,どく,ノーマル,かるわざ,どくしゅ,いたずらごころ
211,オドシシ,73,95,62,85,65,85,ノーマル,,いかく,おみとおし,そうしょく
212,タマゲタケ,69,55,45,55,55,15,くさ,どく,ほうし,さいせいりょく,
213,モロバレル,114,85,70,85,80,30,くさ,どく,ほうし,さいせいりょく,
214,ビリリダマ,40,30,50,55,55,100,でんき,,ぼうおん,せいでんき,ゆうばく
215,マルマイン,60,50,70,80,80,150,でんき,,ぼうおん,せいでんき,ゆうばく
216,コイル,25,35,70,95,55,45,でんき,はがね,じりょく,がんじょう,アナライズ
217,レアコイル,50,60,95,120,70,70,でんき,はがね,じりょく,がんじょう,アナライズ
218,ジバコイル,70,70,115,130,90,60,でんき,はがね,じりょく,がんじょう,アナライズ
219,メタモン,48,48,48,48,48,48,ノーマル,,じゅうなん,かわりもの,
220,ガーディ,55,70,45,70,50,60,ほのお,,いかく,もらいび,せいぎのこころ
221,ウインディ,90,110,80,100,80,95,ほのお,,いかく,もらいび,せいぎのこころ
222,ヒメグマ,60,80,50,50,50,40,ノーマル,,ものひろい,はやあし,みつあつめ
223,リングマ,90,130,75,75,75,55,ノーマル,,こんじょう,はやあし,きんちょうかん
224,ザングース,73,115,60,60,60,90,ノーマル,,めんえき,どくぼうそう,
225,ハブネーク,73,100,60,100,60,65,どく,,だっぴ,すりぬけ,
226,チルット,45,40,60,40,75,50,ノーマル,ひこう,しぜんかいふく,ノーてんき,
227,チルタリス,75,70,90,70,105,80,ドラゴン,ひこう,しぜんかいふく,ノーてんき,
228,メェークル,66,65,48,62,57,52,くさ,,そうしょく,くさのけがわ,
229,ゴーゴート,123,100,62,97,81,68,くさ,,そうしょく,くさのけがわ,
230,ケンタロス-パルデアコンバット,75,110,105,30,70,100,かくとう,,いかく,いかりのつぼ,はんすう
231,ケンタロス-パルデアブレイズ,75,110,105,30,70,100,かくとう,ほのお,いかく,いかりのつぼ,はんすう
232,ケンタロス-パルデアウォーター,75,110,105,30,70,100,かくとう,みず,いかく,いかりのつぼ,はんすう
233,シシコ,62,50,58,73,54,72,ほのお,ノーマル,とうそうしん,きんちょうかん,じしんかじょう
234,カエンジシ,86,68,72,109,66,106,ほのお,ノーマル,とうそうしん,きんちょうかん,じしんかじょう
235,スカンプー,63,63,47,41,41,74,どく,あく,あくしゅう,ゆうばく,するどいめ
236,スカタンク,103,93,67,71,61,84,どく,あく,あくしゅう,ゆうばく,するどいめ
237,ゾロア,40,65,40,80,40,65,あく,,イリュージョン,,
238,ゾロアーク,60,105,60,120,60,105,あく,,イリュージョン,,
239,ニューラ,55,95,55,35,75,115,あく,こおり,せいしんりょく,するどいめ,わるいてぐせ
240,マニューラ,70,120,65,45,85,125,あく,こおり,プレッシャー,わるいてぐせ,
241,ヤミカラス,60,85,42,85,42,91,あく,ひこう,ふみん,きょううん,いたずらごころ
242,ドンカラス,100,125,52,105,52,71,あく,ひこう,ふみん,きょううん,じしんかじょう
243,ゴチム,45,30,50,55,65,45,エスパー,,おみとおし,かちき,かげふみ
244,ゴチミル,60,45,70,75,85,55,エスパー,,おみとおし,かちき,かげふみ
245,ゴチルゼル,70,55,95,95,110,65,エスパー,,おみとおし,かちき,かげふみ
246,ヤバチャ,40,45,45,74,54,50,ゴースト,,くだけるよろい,のろわれボディ,
247,ポットデス,60,65,65,134,114,70,ゴースト,,くだけるよろい,のろわれボディ,
248,ミミッキュ,55,90,80,50,105,96,ゴースト,フェアリー,ばけのかわ,,
249,クレッフィ,57,80,91,80,87,75,はがね,フェアリー,いたずらごころ,マジシャン,
250,イエッサン-オス,60,65,55,105,95,95,エスパー,ノーマル,せいしんりょく,シンクロ,サイコメイカー
251,イエッサン-メス,70,55,65,95,105,85,エスパー,ノーマル,マイペース,シンクロ,サイコメイカー
252,アノクサ,40,65,30,45,35,60,くさ,ゴースト,かぜのり,すりぬけ,
253,アノホラグサ,55,115,70,80,70,90,くさ,ゴースト,かぜのり,すりぬけ,
254,ノノクラゲ,40,40,35,50,100,70,じめん,くさ,きんしのちから,,
255,リククラゲ,80,70,65,80,120,100,じめん,くさ,きんしのちから,,
256,トロピウス,99,68,83,72,87,51,くさ,ひこう,ようりょくそ,サンパワー,しゅうかく
257,カリキリ,40,55,35,50,35,35,くさ,,リーフガード,あまのじゃく,
258,ラランテス,70,105,90,80,90,45,くさ,,リーフガード,あまのじゃく,
259,ガケガニ,70,100,115,35,55,75,いわ,,いかりのこうら,シェルアーマー,さいせいりょく
260,カプサイジ,50,62,40,62,40,50,くさ,,ようりょくそ,ふみん,ぶきよう
261,スコヴィラン,65,108,65,108,65,75,くさ,ほのお,ようりょくそ,ふみん,ムラっけ
262,サボネア,50,85,40,85,40,35,くさ,,すながくれ,ちょすい,
263,ノクタス,70,115,60,115,60,55,くさ,あく,すながくれ,ちょすい,
264,シガロコ,41,50,60,31,58,30,むし,,ふくがん,だっぴ,
265,ベラカス,75,50,85,115,100,45,むし,エスパー,シンクロ,テレパシー,
266,コンパン,60,55,50,40,55,45,むし,どく,ふくがん,いろめがね,にげあし
267,モルフォン,70,65,60,90,75,90,むし,どく,りんぷん,いろめがね,ミラクルスキン
268,クヌギダマ,50,65,90,35,35,15,むし,,がんじょう,ぼうじん,
269,フォレトス,75,90,140,60,60,40,むし,はがね,がんじょう,ぼうじん,
270,ストライク,70,110,80,55,80,105,むし,ひこう,むしのしらせ,テクニシャン,ふくつのこころ
271,ハッサム,70,130,100,55,80,65,むし,はがね,むしのしらせ,テクニシャン,ライトメタル
272,ヘラクロス,80,125,75,40,95,85,むし,かくとう,むしのしらせ,こんじょう,じしんかじょう
273,ヒラヒナ,30,35,30,55,30,75,エスパー,,きけんよち,おみとおし,かそく
274,クエスパトラ,95,60,60,101,60,105,エスパー,,びんじょう,おみとおし,かそく
275,ヒポポタス,68,72,78,38,42,32,じめん,,すなおこし,すなのちから,
276,カバルドン,108,112,118,68,72,47,じめん,,すなおこし,すなのちから,
277,メグロコ,50,72,35,35,35,65,じめん,あく,いかく,じしんかじょう,いかりのつぼ
278,ワルビル,60,82,45,45,45,74,じめん,あく,いかく,じしんかじょう,いかりのつぼ
279,ワルビアル,95,117,80,65,70,92,じめん,あく,いかく,じしんかじょう,いかりのつぼ
280,スナヘビ,52,57,75,35,50,46,じめん,,すなはき,だっぴ,すながくれ
281,サダイジャ,72,107,125,65,70,71,じめん,,すなはき,だっぴ,すながくれ
282,ドロバンコ,70,100,70,45,55,45,じめん,,マイペース,じきゅうりょく,せいしんりょく
283,バンバドロ,100,125,100,55,85,35,じめん,,マイペース,じきゅうりょく,せいしんりょく
284,メラルバ,55,85,55,50,55,60,むし,ほのお,ほのおのからだ,むしのしらせ,
285,ウルガモス,85,60,65,135,105,100,むし,ほのお,ほのおのからだ,むしのしらせ,
286,タツベイ,45,75,60,40,30,50,ドラゴン,,いしあたま,ちからずく,
287,コモルー,65,95,100,60,50,50,ドラゴン,,いしあたま,ぼうじん,
288,ボーマンダ,95,135,80,110,80,100,ドラゴン,ひこう,いかく,じしんかじょう,
289,カヌチャン,50,45,45,35,64,58,フェアリー,はがね,かたやぶり,マイペース,わるいてぐせ
290,ナカヌチャン,65,55,55,45,82,78,フェアリー,はがね,かたやぶり,マイペース,わるいてぐせ
291,デカヌチャン,85,75,77,70,105,94,フェアリー,はがね,かたやぶり,マイペース,わるいてぐせ
292,ミブリム,42,30,45,56,53,39,エスパー,,いやしのこころ,きけんよち,マジックミラー
293,テブリム,57,40,65,86,73,49,エスパー,,いやしのこころ,きけんよち,マジックミラー
294,ブリムオン,57,90,95,136,103,29,エスパー,フェアリー,いやしのこころ,きけんよち,マジックミラー
295,ベロバー,45,45,30,55,40,50,あく,フェアリー,いたずらごころ,おみとおし,わるいてぐせ
296,ギモー,65,60,45,75,55,70,あく,フェアリー,いたずらごころ,おみとおし,わるいてぐせ
297,オーロンゲ,95,120,65,95,75,60,あく,フェアリー,いたずらごころ,おみとおし,わるいてぐせ
298,ウミディグダ,10,55,25,35,25,95,みず,,ぬめぬめ,びびり,すながくれ
299,ウミトリオ,35,100,50,50,70,120,みず,,ぬめぬめ,びびり,すながくれ
300,オトシドリ,70,103,85,60,85,82,ひこう,あく,はとむね,するどいめ,いわはこび
301,ナミイルカ,70,45,40,45,40,75,みず,,みずのベール,,
302,イルカマン-ナイーブフォルム,100,70,72,53,62,100,みず,,マイティチェンジ,,
303,イルカマン-マイティフォルム,100,160,97,106,87,100,みず,,マイティチェンジ,,
304,ブロロン,45,70,63,30,45,47,はがね,どく,ぼうじん,スロースタート,
305,ブロロローム,80,119,90,54,67,90,はがね,どく,ぼうじん,フィルター,
306,モトトカゲ,70,95,65,85,65,121,ドラゴン,ノーマル,だっぴ,さいせいりょく,
307,ミミズズ,70,85,145,60,55,65,はがね,,どしょく,すながくれ,
308,ヤミラミ,50,75,75,65,65,50,あく,ゴースト,するどいめ,あとだし,いたずらごころ
309,カゲボウズ,44,75,35,63,33,45,ゴースト,,ふみん,おみとおし,のろわれボディ
310,ジュペッタ,64,115,65,83,63,65,ゴースト,,ふみん,おみとおし,のろわれボディ
311,タイレーツ,65,100,100,70,60,75,かくとう,,カブトアーマー,まけんき,
312,ルチャブル,78,92,75,74,63,118,かくとう,ひこう,じゅうなん,かるわざ,かたやぶり
313,ミカルゲ,50,92,108,92,108,35,ゴースト,あく,プレッシャー,すりぬけ,
314,オンバット,40,30,35,45,40,55,ひこう,ドラゴン,おみとおし,すりぬけ,テレパシー
315,オンバーン,85,70,80,97,80,123,ひこう,ドラゴン,おみとおし,すりぬけ,テレパシー
316,ドラメシヤ,28,60,30,40,30,82,ドラゴン,ゴースト,クリアボディ,すりぬけ,のろわれボディ
317,ドロンチ,68,80,50,60,50,102,ドラゴン,ゴースト,クリアボディ,すりぬけ,のろわれボディ
318,ドラパルト,88,120,75,100,75,142,ドラゴン,ゴースト,クリアボディ,すりぬけ,のろわれボディ
319,キラーメ,48,35,42,105,60,60,いわ,どく,どくげしょう,ふしょく,
320,キラフロル,83,55,90,130,81,86,いわ,どく,どくげしょう,ふしょく,
321,ロトム,50,50,77,95,77,91,でんき,ゴースト,ふゆう,,
322,ロトム-ヒート,50,65,107,105,107,86,でんき,ほのお,ふゆう,,
323,ロトム-ウォッシュ,50,65,107,105,107,86,でんき,みず,ふゆう,,
324,ロトム-フロスト,50,65,107,105,107,86,でんき,こおり,ふゆう,,
325,ロトム-スピン,50,65,107,105,107,86,でんき,ひこう,ふゆう,,
326,ロトム-カット,50,65,107,105,107,86,でんき,くさ,ふゆう,,
327,ボチ,50,61,60,30,55,34,ゴースト,,ものひろい,もふもふ,
328,ハカドッグ,72,101,100,50,97,68,ゴースト,,すなかき,もふもふ,
329,ヤレユータン,90,60,80,90,110,60,ノーマル,エスパー,せいしんりょく,テレパシー,きょうせい
330,ナゲツケサル,100,120,90,40,60,80,かくとう,,レシーバー,まけんき,
331,ネッコアラ,65,115,65,75,95,65,ノーマル,,ぜったいねむり,,
332,ヨーギラス,50,64,50,45,50,41,いわ,じめん,こんじょう,すながくれ,
333,サナギラス,70,84,70,65,70,51,いわ,じめん,だっぴ,,
334,バンギラス,100,134,110,95,100,61,いわ,あく,すなおこし,きんちょうかん,
335,イシヘンジン,100,125,135,20,20,70,いわ,,パワースポット,,
336,コオリッポ-アイスフェイス,75,80,110,65,90,50,こおり,,アイスフェイス,,
337,コオリッポ-ナイスフェイス,75,80,70,65,50,130,こおり,,アイスフェイス,,
338,バチンウニ,48,101,95,91,85,15,でんき,,ひらいしん,エレキメイカー,
339,スナバァ,55,55,80,70,45,15,ゴースト,じめん,みずがため,すながくれ,
340,シロデスナ,85,75,110,100,75,35,ゴースト,じめん,みずがため,すながくれ,
341,ヤドン,90,65,65,40,40,15,みず,エスパー,どんかん,マイペース,さいせいりょく
342,ヤドラン,95,75,110,100,80,30,みず,エスパー,どんかん,マイペース,さいせいりょく
343,ヤドキング,95,75,80,100,110,30,みず,エスパー,どんかん,マイペース,さいせいりょく
344,カラナクシ,76,48,48,57,62,34,みず,,ねんちゃく,よびみず,すなのちから
345,トリトドン,111,83,68,92,82,39,みず,じめん,ねんちゃく,よびみず,すなのちから
346,シェルダー,30,65,100,45,25,40,みず,,シェルアーマー,スキルリンク,ぼうじん
347,パルシェン,50,95,180,85,45,70,みず,こおり,シェルアーマー,スキルリンク,ぼうじん
348,ハリーセン,65,95,85,55,55,85,みず,どく,どくのトゲ,すいすい,いかく
349,ラブカス,43,30,55,40,65,97,みず,,すいすい,うるおいボディ,
350,ケイコウオ,49,49,56,49,61,66,みず,,すいすい,よびみず,みずのベール
351,ネオラント,69,69,76,69,86,91,みず,,すいすい,よびみず,みずのベール
352,ハギギシリ,68,105,70,70,70,92,みず,エスパー,ビビッドボディ,がんじょうあご,ミラクルスキン
353,ママンボウ,165,75,80,40,45,65,みず,,いやしのこころ,うるおいボディ,さいせいりょく
354,クズモー,50,60,60,60,60,30,どく,みず,どくのトゲ,どくしゅ,てきおうりょく
355,ドラミドロ,65,75,90,97,123,44,どく,ドラゴン,どくのトゲ,どくしゅ,てきおうりょく
356,ウデッポウ,50,53,62,58,63,44,みず,,メガランチャー,,
357,ブロスター,71,73,88,120,89,59,みず,,メガランチャー,,
358,シビシラス,35,55,40,45,40,60,でんき,,ふゆう,,
359,シビビール,65,85,70,75,70,40,でんき,,ふゆう,,
360,シビルドン,85,115,80,105,80,50,でんき,,ふゆう,,
361,ヒドイデ,50,53,62,43,52,45,どく,みず,ひとでなし,じゅうなん,さいせいりょく
362,ドヒドイデ,50,63,152,53,142,35,どく,みず,ひとでなし,じゅうなん,さいせいりょく
363,カラミンゴ,82,115,74,75,64,90,ひこう,かくとう,きもったま,ちどりあし,きょうえん
364,ミニリュウ,41,64,45,50,50,50,ドラゴン,,だっぴ,ふしぎなうろこ,
365,ハクリュー,61,84,65,70,70,70,ドラゴン,,だっぴ,ふしぎなうろこ,
366,カイリュー,91,134,95,100,100,80,ドラゴン,ひこう,せいしんりょく,マルチスケイル,
367,ユキハミ,30,25,35,45,30,20,こおり,むし,りんぷん,こおりのりんぷん,
368,モスノウ,70,65,60,125,90,65,こおり,むし,りんぷん,こおりのりんぷん,
369,ユキカブリ,60,62,50,62,60,40,くさ,こおり,ゆきふらし,ぼうおん,
370,ユキノオー,90,92,75,92,85,60,くさ,こおり,ゆきふらし,ぼうおん,
371,デリバード,45,55,45,65,45,75,こおり,ひこう,やるき,はりきり,ふみん
372,クマシュン,55,70,40,60,40,40,こおり,,ゆきがくれ,ゆきかき,びびり
373,ツンベアー,95,130,80,70,80,50,こおり,,ゆきがくれ,ゆきかき,すいすい
374,ユキワラシ,50,50,50,50,50,50,こおり,,せいしんりょく,アイスボディ,ムラっけ
375,オニゴーリ,80,80,80,80,80,80,こおり,,せいしんりょく,アイスボディ,ムラっけ
376,ユキメノコ,70,80,70,80,70,110,こおり,ゴースト,ゆきがくれ,のろわれボディ,
377,フリージオ,80,50,50,95,135,105,こおり,,ふゆう,,
378,アルクジラ,108,68,45,30,40,43,こおり,,あついしぼう,ゆきがくれ,ちからずく
379,ハルクジラ,170,113,65,45,55,73,こおり,,あついしぼう,ゆきかき,ちからずく
380,カチコール,55,69,85,32,35,28,こおり,,マイペース,アイスボディ,がんじょう
381,クレベース,95,117,184,44,46,28,こおり,,マイペース,アイスボディ,がんじょう
382,ワシボン,70,83,50,37,50,60,ノーマル,ひこう,するどいめ,ちからずく,はりきり
383,ウォーグル,100,123,75,57,75,80,ノーマル,ひこう,するどいめ,ちからずく,まけんき
384,コマタナ,45,85,70,40,40,60,あく,はがね,まけんき,せいしんりょく,プレッシャー
385,キリキザン,65,125,100,60,70,70,あく,はがね,まけんき,せいしんりょく,プレッシャー
386,ドドゲザン,100,135,120,60,85,50,あく,はがね,まけんき,そうだいしょう,プレッシャー
387,モノズ,52,65,50,45,50,38,あく,ドラゴン,はりきり,,
388,ジヘッド,72,85,70,65,70,58,あく,ドラゴン,はりきり,,
389,サザンドラ,92,105,90,125,90,98,あく,ドラゴン,ふゆう,,
390,ミガルーサ,90,102,73,78,65,70,みず,エスパー,かたやぶり,きれあじ,
391,ヘイラッシャ,150,100,115,65,65,35,みず,,てんねん,どんかん,みずのベール
392,シャリタツ,68,50,60,120,95,82,ドラゴン,みず,しれいとう,よびみず,
393,イダイナキバ,115,131,131,53,53,87,じめん,かくとう,こだいかっせい,,
394,サケブシッポ,115,65,99,65,115,111,フェアリー,エスパー,こだいかっせい,,
395,アラブルタケ,111,127,99,79,99,55,くさ,あく,こだいかっせい,,
396,ハバタクカミ,55,55,55,135,135,135,ゴースト,フェアリー,こだいかっせい,,
397,チヲハウハネ,85,135,79,85,105,81,むし,かくとう,こだいかっせい,,
398,スナノケガワ,85,81,97,121,85,101,でんき,じめん,こだいかっせい,,
399,テツノワダチ,90,112,120,72,70,106,じめん,はがね,クォークチャージ,,
400,テツノツツミ,56,80,114,124,60,136,こおり,みず,クォークチャージ,,
401,テツノカイナ,154,140,108,50,68,50,かくとう,でんき,クォークチャージ,,
402,テツノコウベ,94,80,86,122,80,108,あく,ひこう,クォークチャージ,,
403,テツノドクガ,80,70,60,140,110,110,ほのお,どく,クォークチャージ,,
404,テツノイバラ,100,134,110,70,84,72,いわ,でんき,クォークチャージ,,
405,セビエ,65,75,45,35,45,55,ドラゴン,こおり,ねつこうかん,アイスボディ,
406,セゴール,90,95,66,45,65,62,ドラゴン,こおり,ねつこうかん,アイスボディ,
407,セグレイブ,115,145,92,75,86,87,ドラゴン,こおり,ねつこうかん,アイスボディ,
408,コレクレー-はこフォルム,45,30,70,75,70,10,ゴースト,,びびり,,
409,コレクレー-とほフォルム,45,30,25,75,45,80,ゴースト,,にげあし,,
410,サーフゴー,87,60,95,133,91,84,はがね,ゴースト,おうごんのからだ,,
411,チオンジェン,85,85,100,95,135,70,あく,くさ,わざわいのおふだ,,
412,パオジアン,80,120,80,90,65,135,あく,こおり,わざわいのつるぎ,,
413,ディンルー,155,110,125,55,80,45,あく,じめん,わざわいのうつわ,,
414,イーユイ,55,80,80,135,120,100,あく,ほのお,わざわいのたま,,
415,トドロクツキ,105,139,71,55,101,119,ドラゴン,あく,こだいかっせい,,
416,テツノブジン,74,130,90,120,60,116,フェアリー,かくとう,クォークチャージ,,
417,コライドン,100,135,115,85,100,135,かくとう,ドラゴン,ひひいろのこどう,,
418,ミライドン,100,85,100,135,115,135,でんき,ドラゴン,ハドロンエンジン,,
419,フシギダネ,45,49,49,65,65,45,くさ,どく,しんりょく,ようりょくそ,
420,フシギソウ,60,62,63,80,80,60,くさ,どく,しんりょく,ようりょくそ,
421,フシギバナ,80,82,83,100,100,80,くさ,どく,しんりょく,ようりょくそ,
422,ヒトカゲ,39,52,43,60,50,65,ほのお,,もうか,サンパワー,
423,リザード,58,64,58,80,65,80,ほのお,,もうか,サンパワー,
424,リザードン,78,84,78,109,85,100,ほのお,ひこう,もうか,サンパワー,
425,ゼニガメ,44,48,65,50,64,43,みず,,げきりゅう,あめうけざら,
426,カメール,59,63,80,65,80,58,みず,,げきりゅう,あめうけざら,
427,カメックス,79,83,100,85,105,78,みず,,げきりゅう,あめうけざら,
428,アーボ,35,60,44,40,54,55,どく,,いかく,だっぴ,きんちょうかん
429,アーボック,60,95,69,65,79,80,どく,,いかく,だっぴ,きんちょうかん
430,ライチュウ-アローラ,60,85,50,95,85,110,でんき,エスパー,サーフテール,,
431,サンド,50,75,85,20,30,40,じめん,,すながくれ,すなかき,
432,サンド-アローラ,50,75,90,10,35,40,こおり,はがね,ゆきがくれ,ゆきかき,
433,サンドパン,75,100,110,45,55,65,じめん,,すながくれ,すなかき,
434,サンドパン-アローラ,75,100,120,25,65,65,こおり,はがね,ゆきがくれ,ゆきかき,
435,ピッピ,70,45,48,60,65,35,フェアリー,,メロメロボディ,マジックガード,フレンドガード
436,ピクシー,95,70,73,95,90,60,フェアリー,,メロメロボディ,マジックガード,てんねん
437,ロコン,38,41,40,50,65,65,ほのお,,もらいび,ひでり,
438,ロコン-アローラ,38,41,40,50,65,65,こおり,,ゆきがくれ,ゆきふらし,
439,キュウコン,73,76,75,81,100,100,ほのお,,もらいび,ひでり,
440,キュウコン-アローラ,73,67,75,81,100,109,こおり,フェアリー,ゆきがくれ,ゆきふらし,
441,ナゾノクサ,45,50,55,75,65,30,くさ,どく,ようりょくそ,にげあし,
442,クサイハナ,60,65,70,85,75,40,くさ,どく,ようりょくそ,あくしゅう,
443,ラフレシア,75,80,85,110,90,50,くさ,どく,ようりょくそ,ほうし,
444,ディグダ-アローラ,10,55,30,35,45,90,じめん,はがね,すながくれ,カーリーヘアー,すなのちから
445,ダグトリオ-アローラ,35,100,60,50,70,110,じめん,はがね,すながくれ,カーリーヘアー,すなのちから
446,ニャース-アローラ,40,35,35,50,40,90,あく,,ものひろい,テクニシャン,びびり
447,ニャース-ガラル,50,65,55,40,40,40,はがね,,ものひろい,かたいツメ,きんちょうかん
448,ペルシアン-アローラ,65,60,60,75,65,115,あく,,ファーコート,テクニシャン,びびり
449,ガーディ-ヒスイ,60,75,45,65,50,55,ほのお,いわ,いかく,もらいび,いしあたま
450,ウインディ-ヒスイ,95,115,80,95,80,90,ほのお,いわ,いかく,もらいび,いしあたま
451,ニョロモ,40,50,40,40,40,90,みず,,ちょすい,しめりけ,すいすい
452,ニョロゾ,65,65,65,50,50,90,みず,,ちょすい,しめりけ,すいすい
453,ニョロボン,90,95,95,70,90,70,みず,かくとう,ちょすい,しめりけ,すいすい
454,マダツボミ,50,75,35,70,30,40,くさ,どく,ようりょくそ,くいしんぼう,
455,ウツドン,65,90,50,85,45,55,くさ,どく,ようりょくそ,くいしんぼう,
456,ウツボット,80,105,65,100,70,70,くさ,どく,ようりょくそ,くいしんぼう,
457,メノクラゲ,40,40,35,50,100,70,みず,どく,クリアボディ,ヘドロえき,あめうけざら
458,ドククラゲ,80,70,65,80,120,100,みず,どく,クリアボディ,ヘドロえき,あめうけざら
459,イシツブテ,40,80,100,30,30,20,いわ,じめん,いしあたま,がんじょう,すながくれ
460,イシツブテ-アローラ,40,80,100,30,30,20,いわ,でんき,じりょく,がんじょう,エレキスキン
461,ゴローン,55,95,115,45,45,35,いわ,じめん,いしあたま,がんじょう,すながくれ
462,ゴローン-アローラ,55,95,115,45,45,35,いわ,でんき,じりょく,がんじょう,エレキスキン
463,ゴローニャ,80,120,130,55,65,45,いわ,じめん,いしあたま,がんじょう,すながくれ
464,ゴローニャ-アローラ,80,120,130,55,65,45,いわ,でんき,じりょく,がんじょう,エレキスキン
465,ヤドン-ガラル,90,65,65,40,40,15,エスパー,,くいしんぼう,マイペース,さいせいりょく
466,ヤドラン-ガラル,95,100,95,100,70,30,どく,エスパー,クイックドロウ,マイペース,さいせいりょく
467,ドードー,35,85,45,35,35,75,ノーマル,ひこう,にげあし,はやおき,ちどりあし
468,ドードリオ,60,110,70,60,60,110,ノーマル,ひこう,にげあし,はやおき,ちどりあし
469,パウワウ,65,45,55,45,70,45,みず,,あついしぼう,うるおいボディ,アイスボディ
470,ジュゴン,90,70,80,70,95,70,みず,こおり,あついしぼう,うるおいボディ,アイスボディ
471,ベトベター-アローラ,80,80,50,40,50,25,どく,あく,どくしゅ,くいしんぼう,かがくのちから
472,ベトベトン-アローラ,105,105,75,65,100,50,どく,あく,どくしゅ,くいしんぼう,かがくのちから
473,ビリリダマ-ヒスイ,40,30,50,55,55,100,でんき,くさ,ぼうおん,せいでんき,ゆうばく
474,マルマイン-ヒスイ,60,50,70,80,80,150,でんき,くさ,ぼうおん,せいでんき,ゆうばく
475,タマタマ,60,40,80,60,45,40,くさ,エスパー,ようりょくそ,しゅうかく,
476,ナッシー,95,95,85,125,75,55,くさ,エスパー,ようりょくそ,しゅうかく,
477,ナッシー-アローラ,95,105,85,125,75,45,くさ,ドラゴン,おみとおし,しゅうかく,
478,サワムラー,50,120,53,35,110,87,かくとう,,じゅうなん,すてみ,かるわざ
479,エビワラー,50,105,79,35,110,76,かくとう,,するどいめ,てつのこぶし,せいしんりょく
480,ドガース,40,65,95,60,45,35,どく,,ふゆう,かがくへんかガス,あくしゅう
481,マタドガス,65,90,120,85,70,60,どく,,ふゆう,かがくへんかガス,あくしゅう
482,マタドガス-ガラル,65,90,120,85,70,60,どく,フェアリー,ふゆう,かがくへんかガス,ミストメイカー
483,サイホーン,80,85,95,30,30,25,じめん,いわ,ひらいしん,いしあたま,すてみ
484,サイドン,105,130,120,45,45,40,じめん,いわ,ひらいしん,いしあたま,すてみ
485,タッツー,30,40,70,70,25,60,みず,,すいすい,スナイパー,しめりけ
486,シードラ,55,65,95,95,45,85,みず,,どくのトゲ,スナイパー,しめりけ
487,エレブー,65,83,57,95,85,105,でんき,,せいでんき,やるき,
488,ブーバー,65,95,57,100,85,93,ほのお,,ほのおのからだ,やるき,
489,ケンタロス,75,100,95,40,70,110,ノーマル,,いかく,いかりのつぼ,ちからずく
490,ラプラス,130,85,80,85,95,60,みず,こおり,ちょすい,シェルアーマー,うるおいボディ
491,ポリゴン,65,60,70,85,75,40,ノーマル,,トレース,ダウンロード,アナライズ
492,カビゴン,160,110,65,65,110,30,ノーマル,,めんえき,あついしぼう,くいしんぼう
493,フリーザー,90,85,100,95,125,85,こおり,ひこう,プレッシャー,ゆきがくれ,
494,フリーザー-ガラル,90,85,85,125,100,95,エスパー,ひこう,かちき,,
495,サンダー,90,90,85,125,90,100,でんき,ひこう,プレッシャー,せいでんき,
496,サンダー-ガラル,90,125,90,85,90,100,かくとう,ひこう,まけんき,,
497,ファイヤー,90,100,90,125,85,90,ほのお,ひこう,プレッシャー,ほのおのからだ,
498,ファイヤー-ガラル,90,85,90,100,125,90,あく,ひこう,ぎゃくじょう,,
499,ミュウツー,106,110,90,154,90,130,エスパー,,プレッシャー,きんちょうかん,
500,ミュウ,100,100,100,100,100,100,エスパー,,シンクロ,,
501,チコリータ,45,49,65,49,65,45,くさ,,しんりょく,リーフガード,
502,ベイリーフ,60,62,80,63,80,60,くさ,,しんりょく,リーフガード,
503,メガニウム,80,82,100,83,100,80,くさ,,しんりょく,リーフガード,
504,ヒノアラシ,39,52,43,60,50,65,ほのお,,もうか,もらいび,
505,マグマラシ,58,64,58,80,65,80,ほのお,,もうか,もらいび,
506,バクフーン,78,84,78,109,85,100,ほのお,,もうか,もらいび,
507,バクフーン-ヒスイ,73,84,78,119,85,95,ほのお,ゴースト,もうか,おみとおし,
508,ワニノコ,50,65,64,44,48,43,みず,,げきりゅう,ちからずく,
509,アリゲイツ,65,80,80,59,63,58,みず,,げきりゅう,ちからずく,
510,オーダイル,85,105,100,79,83,78,みず,,げきりゅう,ちからずく,
511,オタチ,35,46,34,35,45,20,ノーマル,,にげあし,するどいめ,おみとおし
512,オオタチ,85,76,64,45,55,90,ノーマル,,にげあし,するどいめ,おみとおし
513,ホーホー,60,30,30,36,56,50,ノーマル,ひこう,ふみん,するどいめ,いろめがね
514,ヨルノズク,100,50,50,86,96,70,ノーマル,ひこう,ふみん,するどいめ,いろめがね
515,イトマル,40,60,40,40,40,30,むし,どく,むしのしらせ,ふみん,スナイパー
516,アリアドス,70,90,70,60,70,40,むし,どく,むしのしらせ,ふみん,スナイパー
517,チョンチー,75,38,38,56,56,67,みず,でんき,ちくでん,はっこう,ちょすい
518,ランターン,125,58,58,76,76,67,みず,でんき,ちくでん,はっこう,ちょすい
519,ピィ,50,25,28,45,55,15,フェアリー,,メロメロボディ,マジックガード,フレンドガード
520,キレイハナ,75,80,95,90,100,50,くさ,,ようりょくそ,いやしのこころ,
521,ニョロトノ,90,75,75,90,100,70,みず,,ちょすい,しめりけ,あめふらし
522,エイパム,55,70,55,40,55,85,ノーマル,,にげあし,ものひろい,スキルリンク
523,ヤンヤンマ,65,65,45,75,45,95,むし,ひこう,かそく,ふくがん,おみとおし
524,ウパー,55,45,45,25,25,15,みず,じめん,しめりけ,ちょすい,てんねん
525,ヌオー,95,85,85,65,65,35,みず,じめん,しめりけ,ちょすい,てんねん
526,ヤドキング-ガラル,95,65,80,110,110,30,どく,エスパー,きみょうなくすり,マイペース,さいせいりょく
527,グライガー,65,75,105,35,65,85,じめん,ひこう,かいりきバサミ,すながくれ,めんえき
528,ブルー,60,80,50,40,40,30,フェアリー,,いかく,にげあし,びびり
529,グランブル,90,120,75,60,60,45,フェアリー,,いかく,はやあし,びびり
530,ハリーセン-ヒスイ,65,95,85,55,55,85,あく,どく,どくのトゲ,すいすい,いかく
531,ニューラ-ヒスイ,55,95,55,35,75,115,かくとう,どく,せいしんりょく,するどいめ,わるいてぐせ
532,マグマッグ,40,40,40,70,40,20,ほのお,,マグマのよろい,ほのおのからだ,くだけるよろい
533,マグカルゴ,60,50,120,90,80,30,ほのお,いわ,マグマのよろい,ほのおのからだ,くだけるよろい
534,ウリムー,50,50,40,30,30,50,こおり,じめん,どんかん,ゆきがくれ,あついしぼう
535,イノムー,100,100,80,60,60,50,こおり,じめん,どんかん,ゆきがくれ,あついしぼう
536,エアームド,65,80,140,40,70,70,はがね,ひこう,するどいめ,がんじょう,くだけるよろい
537,キングドラ,75,95,95,95,95,85,みず,ドラゴン,すいすい,スナイパー,しめりけ
538,ポリゴン2,85,80,90,105,95,60,ノーマル,,トレース,ダウンロード,アナライズ
539,ドーブル,55,20,35,20,45,75,ノーマル,,マイペース,テクニシャン,ムラっけ
540,バルキー,35,35,35,35,35,35,かくとう,,こんじょう,ふくつのこころ,やるき
541,カポエラー,50,95,95,35,110,70,かくとう,,いかく,テクニシャン,ふくつのこころ
542,エレキッド,45,63,37,65,55,95,でんき,,せいでんき,やるき,
543,ブビィ,45,75,37,70,55,83,ほのお,,ほのおのからだ,やるき,
544,ライコウ,90,85,75,115,100,115,でんき,,プレッシャー,せいしんりょく,
545,エンテイ,115,115,85,90,75,100,ほのお,,プレッシャー,せいしんりょく,
546,スイクン,100,75,115,90,115,85,みず,,プレッシャー,せいしんりょく,
547,ルギア,106,90,130,90,154,110,エスパー,ひこう,プレッシャー,マルチスケイル,
548,ホウオウ,106,130,90,110,154,90,ほのお,ひこう,プレッシャー,さいせいりょく,
549,キモリ,40,45,35,65,55,70,くさ,,しんりょく,かるわざ,
550,ジュプトル,50,65,45,85,65,95,くさ,,しんりょく,かるわざ,
551,ジュカイン,70,85,65,105,85,120,くさ,,しんりょく,かるわざ,
552,アチャモ,45,60,40,70,50,45,ほのお,,もうか,かそく,
553,ワカシャモ,60,85,60,85,60,55,ほのお,かくとう,もうか,かそく,
554,バシャーモ,80,120,70,110,70,80,ほのお,かくとう,もうか,かそく,
555,ミズゴロウ,50,70,50,50,50,40,みず,,げきりゅう,しめりけ,
556,ヌマクロー,70,85,70,60,70,50,みず,じめん,げきりゅう,しめりけ,
557,ラグラージ,100,110,90,85,90,60,みず,じめん,げきりゅう,しめりけ,
558,ポチエナ,35,55,35,30,30,35,あく,,にげあし,はやあし,びびり
559,グラエナ,70,90,70,60,60,70,あく,,いかく,はやあし,じしんかじょう
560,ハスボー,40,30,30,40,50,30,みず,くさ,すいすい,あめうけざら,マイペース
561,ハスブレロ,60,50,50,60,70,50,みず,くさ,すいすい,あめうけざら,マイペース
562,ルンパッパ,80,70,70,90,100,70,みず,くさ,すいすい,あめうけざら,マイペース
563,タネボー,40,40,50,30,30,30,くさ,,ようりょくそ,はやおき,わるいてぐせ
564,コノハナ,70,70,40,60,40,60,くさ,あく,ようりょくそ,はやおき,わるいてぐせ
565,ダーテング,90,100,60,90,60,80,くさ,あく,ようりょくそ,かぜのり,わるいてぐせ
566,ノズパス,30,45,135,45,90,30,いわ,,がんじょう,じりょく,すなのちから
567,プラスル,60,50,40,85,75,95,でんき,,プラス,ひらいしん,
568,マイナン,60,40,50,75,85,95,でんき,,マイナス,ちくでん,
569,バルビート,65,73,75,47,85,85,むし,,はっこう,むしのしらせ,いたずらごころ
570,イルミーゼ,65,47,75,73,85,85,むし,,どんかん,いろめがね,いたずらごころ
571,ナックラー,45,100,45,45,45,10,じめん,,かいりきバサミ,ありじごく,ちからずく
572,ビブラーバ,50,70,50,50,50,70,じめん,ドラゴン,ふゆう,,
573,フライゴン,80,100,80,80,80,100,じめん,ドラゴン,ふゆう,,
574,ヘイガニ,43,80,65,50,35,35,みず,,かいりきバサミ,シェルアーマー,てきおうりょく
575,シザリガー,63,120,85,90,55,55,みず,あく,かいりきバサミ,シェルアーマー,てきおうりょく
576,ヒンバス,20,15,20,10,55,80,みず,,すいすい,どんかん,てきおうりょく
577,ミロカロス,95,60,79,100,125,81,みず,,ふしぎなうろこ,かちき,メロメロボディ
578,ヨマワル,20,40,90,30,90,25,ゴースト,,ふゆう,おみとおし,
579,サマヨール,40,70,130,60,130,25,ゴースト,,プレッシャー,おみとおし,
580,チリーン,75,50,80,95,90,65,エスパー,,ふゆう,,
581,ダンバル,40,55,80,35,60,30,はがね,エスパー,クリアボディ,ライトメタル,
582,メタング,60,75,100,55,80,50,はがね,エスパー,クリアボディ,ライトメタル,
583,メタグロス,80,135,130,95,90,70,はがね,エスパー,クリアボディ,ライトメタル,
584,レジロック,80,100,200,50,100,50,いわ,,クリアボディ,がんじょう,
585,レジアイス,80,50,100,100,200,50,こおり,,クリアボディ,アイスボディ,
586,レジスチル,80,75,150,75,150,50,はがね,,クリアボディ,ライトメタル,
587,ラティアス,80,80,90,110,130,110,ドラゴン,エスパー,ふゆう,,
588,ラティオス,80,90,80,130,110,110,ドラゴン,エスパー,ふゆう,,
589,カイオーガ,100,100,90,150,140,90,みず,,あめふらし,,
590,グラードン,100,150,140,100,90,90,じめん,,ひでり,,
591,レックウザ,105,150,90,150,90,95,ドラゴン,ひこう,エアロック,,
592,ジラーチ,100,100,100,100,100,100,はがね,エスパー,てんのめぐみ,,
593,デオキシス-ノーマル,50,150,50,150,50,150,エスパー,,プレッシャー,,
594,デオキシス-アタック,50,180,20,180,20,150,エスパー,,プレッシャー,,
595,デオキシス-ディフェンス,50,70,160,70,160,90,エスパー,,プレッシャー,,
596,デオキシス-スピード,50,95,90,95,90,180,エスパー,,プレッシャー,,
597,ナエトル,55,68,64,45,55,31,くさ,,しんりょく,シェルアーマー,
598,ハヤシガメ,75,89,85,55,65,36,くさ,,しんりょく,シェルアーマー,
599,ドダイトス,95,109,105,75,85,56,くさ,じめん,しんりょく,シェルアーマー,
600,ヒコザル,44,58,44,58,44,61,ほのお,,もうか,てつのこぶし,
601,モウカザル,64,78,52,78,52,81,ほのお,かくとう,もうか,てつのこぶし,
602,ゴウカザル,76,104,71,104,71,108,ほのお,かくとう,もうか,てつのこぶし,
603,ポッチャマ,53,51,53,61,56,40,みず,,げきりゅう,かちき,
604,ポッタイシ,64,66,68,81,76,50,みず,,げきりゅう,かちき,
605,エンペルト,84,86,88,111,101,60,みず,はがね,げきりゅう,かちき,
606,ズガイドス,67,125,40,30,30,58,いわ,,かたやぶり,ちからずく,
607,ラムパルド,97,165,60,65,50,58,いわ,,かたやぶり,ちからずく,
608,タテトプス,30,42,118,42,88,30,いわ,はがね,がんじょう,ぼうおん,
609,トリデプス,60,52,168,47,138,30,いわ,はがね,がんじょう,ぼうおん,
610,エテボース,75,100,66,60,66,115,ノーマル,,テクニシャン,ものひろい,スキルリンク
611,リーシャン,45,30,50,65,50,45,エスパー,,ふゆう,,
612,ゴンベ,135,85,40,40,85,5,ノーマル,,ものひろい,あついしぼう,くいしんぼう
613,ドサイドン,115,140,130,55,55,40,じめん,いわ,ひらいしん,ハードロック,すてみ
614,エレキブル,75,123,67,95,85,95,でんき,,でんきエンジン,やるき,
615,ブーバーン,75,95,67,125,95,83,ほのお,,ほのおのからだ,やるき,
616,メガヤンマ,86,76,86,116,56,95,むし,ひこう,かそく,いろめがね,おみとおし
617,グライオン,75,95,125,45,75,95,じめん,ひこう,かいりきバサミ,すながくれ,ポイズンヒール
618,マンムー,110,130,80,70,60,80,こおり,じめん,どんかん,ゆきがくれ,あついしぼう
619,ポリゴンZ,85,80,70,135,75,90,ノーマル,,てきおうりょく,ダウンロード,アナライズ
620,ダイノーズ,60,55,145,75,150,40,いわ,はがね,がんじょう,じりょく,すなのちから
621,ヨノワール,45,100,135,65,135,45,ゴースト,,プレッシャー,おみとおし,
622,ユクシー,75,75,130,75,130,95,エスパー,,ふゆう,,
623,エムリット,80,105,105,105,105,80,エスパー,,ふゆう,,
624,アグノム,75,125,70,125,70,115,エスパー,,ふゆう,,
625,ディアルガ,100,120,120,150,100,90,はがね,ドラゴン,プレッシャー,テレパシー,
626,ディアルガ-オリジン,100,100,120,150,120,90,はがね,ドラゴン,プレッシャー,テレパシー,
627,パルキア,90,120,100,150,120,100,みず,ドラゴン,プレッシャー,テレパシー,
628,パルキア-オリジン,90,100,100,150,120,120,みず,ドラゴン,プレッシャー,テレパシー,
629,ヒードラン,91,90,106,130,106,77,ほのお,はがね,もらいび,ほのおのからだ,
630,レジギガス,110,160,110,80,110,100,ノーマル,,スロースタート,,
631,ギラティナ-アナザー,150,100,120,100,120,90,ゴースト,ドラゴン,プレッシャー,テレパシー,
632,ギラティナ-オリジン,150,120,100,120,100,90,ゴースト,ドラゴン,ふゆう,,
633,クレセリア,120,70,110,75,120,85,エスパー,,ふゆう,,
634,フィオネ,80,80,80,80,80,80,みず,,うるおいボディ,,
635,マナフィ,100,100,100,100,100,100,みず,,うるおいボディ,,
636,ダークライ,70,90,90,135,90,125,あく,,ナイトメア,,
637,シェイミ-ランド,100,100,100,100,100,100,くさ,,しぜんかいふく,,
638,シェイミ-スカイ,100,103,75,120,75,127,くさ,ひこう,てんのめぐみ,,
639,アルセウス,120,120,120,120,120,120,ノーマル,,マルチタイプ,,
640,ツタージャ,45,45,55,45,55,63,くさ,,しんりょく,あまのじゃく,
641,ジャノビー,60,60,75,60,75,83,くさ,,しんりょく,あまのじゃく,
642,ジャローダ,75,75,95,75,95,113,くさ,,しんりょく,あまのじゃく,
643,ポカブ,65,63,45,45,45,45,ほのお,,もうか,あついしぼう,
644,チャオブー,90,93,55,70,55,55,ほのお,かくとう,もうか,あついしぼう,
645,エンブオー,110,123,65,100,65,65,ほのお,かくとう,もうか,すてみ,
646,ミジュマル,55,55,45,63,45,45,みず,,げきりゅう,シェルアーマー,
647,フタチマル,75,75,60,83,60,60,みず,,げきりゅう,シェルアーマー,
648,ダイケンキ,95,100,85,108,70,70,みず,,げきりゅう,シェルアーマー,
649,ダイケンキ-ヒスイ,90,108,80,100,65,85,みず,あく,げきりゅう,きれあじ,
650,シママ,45,60,32,50,32,76,でんき,,ひらいしん,でんきエンジン,そうしょく
651,ゼブライカ,75,100,63,80,63,116,でんき,,ひらいしん,でんきエンジン,そうしょく
652,モグリュー,60,85,40,30,45,68,じめん,,すなかき,すなのちから,かたやぶり
653,ドリュウズ,110,135,60,50,65,88,じめん,はがね,すなかき,すなのちから,かたやぶり
654,ドッコラー,75,80,55,25,35,35,かくとう,,こんじょう,ちからずく,てつのこぶし
655,ドテッコツ,85,105,85,40,50,40,かくとう,,こんじょう,ちからずく,てつのこぶし
656,ローブシン,105,140,95,55,65,45,かくとう,,こんじょう,ちからずく,てつのこぶし
657,クルミル,45,53,70,40,60,42,むし,くさ,むしのしらせ,ようりょくそ,ぼうじん
658,クルマユ,55,63,90,50,80,42,むし,くさ,リーフガード,ようりょくそ,ぼうじん
659,ハハコモリ,75,103,80,70,80,92,むし,くさ,むしのしらせ,ようりょくそ,ぼうじん
660,モンメン,40,27,60,37,50,66,くさ,フェアリー,いたずらごころ,すりぬけ,ようりょくそ
661,エルフーン,60,67,85,77,75,116,くさ,フェアリー,いたずらごころ,すりぬけ,ようりょくそ
662,ドレディア-ヒスイ,70,105,75,50,75,105,くさ,かくとう,ようりょくそ,はりきり,リーフガード
663,バスラオ-しろすじ,70,92,65,80,55,98,みず,,びびり,てきおうりょく,かたやぶり
664,ズルッグ,50,75,70,35,70,48,あく,かくとう,だっぴ,じしんかじょう,いかく
665,ズルズキン,65,90,115,45,115,58,あく,かくとう,だっぴ,じしんかじょう,いかく
666,ゾロア-ヒスイ,35,60,40,85,40,70,ノーマル,ゴースト,イリュージョン,,
667,ゾロアーク-ヒスイ,55,100,60,125,60,110,ノーマル,ゴースト,イリュージョン,,
668,チラーミィ,55,50,40,40,40,75,ノーマル,,メロメロボディ,テクニシャン,スキルリンク
669,チラチーノ,75,95,60,65,60,115,ノーマル,,メロメロボディ,テクニシャン,スキルリンク
670,ユニラン,45,30,40,105,50,20,エスパー,,ぼうじん,マジックガード,さいせいりょく
671,ダブラン,65,40,50,125,60,30,エスパー,,ぼうじん,マジックガード,さいせいりょく
672,ランクルス,110,65,75,125,85,30,エスパー,,ぼうじん,マジックガード,さいせいりょく
673,コアルヒー,62,44,50,44,50,55,みず,ひこう,するどいめ,はとむね,うるおいボディ
674,スワンナ,75,87,63,87,63,98,みず,ひこう,するどいめ,はとむね,うるおいボディ
675,バチュル,50,47,50,57,50,65,むし,でんき,ふくがん,きんちょうかん,むしのしらせ
676,デンチュラ,70,77,60,97,60,108,むし,でんき,ふくがん,きんちょうかん,むしのしらせ
677,ヒトモシ,50,30,55,65,55,20,ゴースト,ほのお,もらいび,ほのおのからだ,すりぬけ
678,ランプラー,60,40,60,95,60,55,ゴースト,ほのお,もらいび,ほのおのからだ,すりぬけ
679,シャンデラ,60,55,90,145,90,80,ゴースト,ほのお,もらいび,ほのおのからだ,すりぬけ
680,コジョフー,45,85,50,55,50,65,かくとう,,せいしんりょく,さいせいりょく,すてみ
681,コジョンド,65,125,60,95,60,105,かくとう,,せいしんりょく,さいせいりょく,すてみ
682,ゴビット,59,74,50,35,50,35,じめん,ゴースト,てつのこぶし,ぶきよう,ノーガード
683,ゴルーグ,89,124,80,55,80,55,じめん,ゴースト,てつのこぶし,ぶきよう,ノーガード
684,ウォーグル-ヒスイ,110,83,70,112,70,65,エスパー,ひこう,するどいめ,ちからずく,いろめがね
685,バルチャイ,70,55,75,45,65,60,あく,ひこう,はとむね,ぼうじん,くだけるよろい
686,バルジーナ,110,65,105,55,95,80,あく,ひこう,はとむね,ぼうじん,くだけるよろい
687,コバルオン,91,90,129,90,72,108,はがね,かくとう,せいぎのこころ,,
688,テラキオン,91,129,90,72,90,108,いわ,かくとう,せいぎのこころ,,
689,ビリジオン,91,90,72,90,129,108,くさ,かくとう,せいぎのこころ,,
690,トルネロス-化身,79,115,70,125,80,111,ひこう,,いたずらごころ,まけんき,
691,トルネロス-霊獣,79,100,80,110,90,121,ひこう,,さいせいりょく,,
692,ボルトロス-化身,79,115,70,125,80,111,でんき,ひこう,いたずらごころ,まけんき,
693,ボルトロス-霊獣,79,105,70,145,80,101,でんき,ひこう,ちくでん,,
694,レシラム,100,120,100,150,120,90,ドラゴン,ほのお,ターボブレイズ,,
695,ゼクロム,100,150,120,120,100,90,ドラゴン,でんき,テラボルテージ,,
696,ランドロス-化身,89,125,90,115,80,101,じめん,ひこう,すなのちから,ちからずく,
697,ランドロス-霊獣,89,145,90,105,80,91,じめん,ひこう,いかく,,
698,キュレム,125,130,90,130,90,95,ドラゴン,こおり,プレッシャー,,
699,ホワイトキュレム,125,120,90,170,100,95,ドラゴン,こおり,ターボブレイズ,,
700,ブラックキュレム,125,170,100,120,90,95,ドラゴン,こおり,テラボルテージ,,
701,ケルディオ-いつも,91,72,90,129,90,108,みず,かくとう,せいぎのこころ,,
702,ケルディオ-かくご,91,72,90,129,90,108,みず,かくとう,せいぎのこころ,,
703,メロエッタ-ボイス,100,77,77,128,128,90,ノーマル,エスパー,てんのめぐみ,,
704,メロエッタ-ステップ,100,128,90,77,77,128,ノーマル,かくとう,てんのめぐみ,,
705,ハリマロン,56,61,65,48,45,38,くさ,,しんりょく,ぼうだん,
706,ハリボーグ,61,78,95,56,58,57,くさ,,しんりょく,ぼうだん,
707,ブリガロン,88,107,122,74,75,64,くさ,かくとう,しんりょく,ぼうだん,
708,フォッコ,40,45,40,62,60,60,ほのお,,もうか,マジシャン,
709,テールナー,59,59,58,90,70,73,ほのお,,もうか,マジシャン,
710,マフォクシー,75,69,72,114,100,104,ほのお,エスパー,もうか,マジシャン,
711,ケロマツ,41,56,40,62,44,71,みず,,げきりゅう,へんげんじざい,
712,ゲコガシラ,54,63,52,83,56,97,みず,,げきりゅう,へんげんじざい,
713,ゲッコウガ,72,95,67,103,71,122,みず,あく,げきりゅう,へんげんじざい,きずなへんげ
714,ニャスパー,62,48,54,63,60,68,エスパー,,するどいめ,すりぬけ,マイペース
715,ニャオニクス-オス,74,48,76,83,81,104,エスパー,,するどいめ,すりぬけ,いたずらごころ
716,ニャオニクス-メス,74,48,76,83,81,104,エスパー,,するどいめ,すりぬけ,かちき
717,マーイーカ,53,54,53,37,46,45,あく,エスパー,あまのじゃく,きゅうばん,すりぬけ
718,カラマネロ,86,92,88,68,75,73,あく,エスパー,あまのじゃく,きゅうばん,すりぬけ
719,メレシー,50,50,150,50,150,50,いわ,フェアリー,クリアボディ,がんじょう,
720,ヌメイル-ヒスイ,58,75,83,83,113,40,はがね,ドラゴン,そうしょく,シェルアーマー,ぬめぬめ
721,ヌメルゴン-ヒスイ,80,100,100,110,150,60,はがね,ドラゴン,そうしょく,シェルアーマー,ぬめぬめ
722,ボクレー,43,70,48,50,60,38,ゴースト,くさ,しぜんかいふく,おみとおし,しゅうかく
723,オーロット,85,110,76,65,82,56,ゴースト,くさ,しぜんかいふく,おみとおし,しゅうかく
724,クレベース-ヒスイ,95,127,184,34,36,38,こおり,いわ,がんじょうあご,アイスボディ,がんじょう
725,ディアンシー,50,100,150,100,150,50,いわ,フェアリー,クリアボディ,,
726,フーパ-いましめられし,80,110,60,150,130,70,エスパー,ゴースト,マジシャン,,
727,フーパ-ときはなたれし,80,160,60,170,130,80,エスパー,あく,マジシャン,,
728,ボルケニオン,80,110,120,130,90,70,ほのお,みず,ちょすい,,
729,モクロー,68,55,55,50,50,42,くさ,ひこう,しんりょく,えんかく,
730,フクスロー,78,75,75,70,70,52,くさ,ひこう,しんりょく,えんかく,
731,ジュナイパー,78,107,75,100,100,70,くさ,ゴースト,しんりょく,えんかく,
732,ジュナイパー-ヒスイ,88,112,80,95,95,60,くさ,かくとう,しんりょく,きもったま,
733,ニャビー,45,65,40,60,40,70,ほのお,,もうか,いかく,
734,ニャヒート,65,85,50,80,50,90,ほのお,,もうか,いかく,
735,ガオガエン,95,115,90,80,90,60,ほのお,あく,もうか,いかく,
736,アシマリ,50,54,54,66,56,40,みず,,げきりゅう,うるおいボイス,
737,オシャマリ,60,69,69,91,81,50,みず,,げきりゅう,うるおいボイス,
738,アシレーヌ,80,74,74,126,116,60,みず,フェアリー,げきりゅう,うるおいボイス,
739,ツツケラ,35,75,30,30,30,65,ノーマル,ひこう,するどいめ,スキルリンク,ものひろい
740,ケララッパ,55,85,50,40,50,75,ノーマル,ひこう,するどいめ,スキルリンク,ものひろい
741,ドデカバシ,80,120,75,75,75,60,ノーマル,ひこう,するどいめ,スキルリンク,ちからずく
742,アゴジムシ,47,62,45,55,45,46,むし,,むしのしらせ,,
743,デンヂムシ,57,82,95,55,75,36,むし,でんき,バッテリー,,
744,クワガノン,77,70,90,145,75,43,むし,でんき,ふゆう,,
745,アブリー,40,45,40,55,40,84,むし,フェアリー,みつあつめ,りんぷん,スイートベール
746,アブリボン,60,55,60,95,70,124,むし,フェアリー,みつあつめ,りんぷん,スイートベール
747,シズクモ,38,40,52,40,72,27,みず,むし,すいほう,ちょすい,
748,オニシズクモ,68,70,92,50,132,42,みず,むし,すいほう,ちょすい,
749,キュワワー,51,52,90,82,110,100,フェアリー,,フラワーベール,ヒーリングシフト,しぜんかいふく
750,メテノ-流星,60,60,100,60,100,60,いわ,ひこう,リミットシールド,,
751,メテノ-コア,60,100,60,100,60,120,いわ,ひこう,リミットシールド,,
752,ジャラコ,45,55,65,45,45,45,ドラゴン,,ぼうだん,ぼうおん,ぼうじん
753,ジャランゴ,55,75,90,65,70,65,ドラゴン,かくとう,ぼうだん,ぼうおん,ぼうじん
754,ジャラランガ,75,110,125,100,105,85,ドラゴン,かくとう,ぼうだん,ぼうおん,ぼうじん
755,コスモッグ,43,29,31,29,31,37,エスパー,,てんねん,,
756,コスモウム,43,29,131,29,131,37,エスパー,,がんじょう,,
757,ソルガレオ,137,137,107,113,89,97,エスパー,はがね,メタルプロテクト,,
758,ルナアーラ,137,113,89,137,107,97,エスパー,ゴースト,ファントムガード,,
759,ネクロズマ,97,107,101,127,89,79,エスパー,,プリズムアーマー,,
760,ネクロズマ-日食,97,157,127,113,109,77,エスパー,はがね,プリズムアーマー,,
761,ネクロズマ-月食,97,113,109,157,127,77,エスパー,ゴースト,プリズムアーマー,,
762,マギアナ,80,95,115,130,115,65,はがね,フェアリー,ソウルハート,,
763,サルノリ,50,65,50,40,40,65,くさ,,しんりょく,グラスメイカー,
764,バチンキー,70,85,70,55,60,80,くさ,,しんりょく,グラスメイカー,
765,ゴリランダー,100,125,90,60,70,85,くさ,,しんりょく,グラスメイカー,
766,ヒバニー,50,71,40,40,40,69,ほのお,,もうか,リベロ,
767,ラビフット,65,86,60,55,60,94,ほのお,,もうか,リベロ,
768,エースバーン,80,116,75,65,75,119,ほのお,,もうか,リベロ,
769,メッソン,50,40,40,70,40,70,みず,,げきりゅう,スナイパー,
770,ジメレオン,65,60,55,95,55,90,みず,,げきりゅう,スナイパー,
771,インテレオン,70,85,65,125,65,120,みず,,げきりゅう,スナイパー,
772,ウッウ,70,85,55,85,95,85,ひこう,みず,うのミサイル,,
773,ニャイキング,70,110,100,50,60,50,はがね,,カブトアーマー,かたいツメ,はがねのせいしん
774,マホミル,45,40,40,50,61,34,フェアリー,,スイートベール,アロマベール,
775,マホイップ,65,60,75,110,121,64,フェアリー,,スイートベール,アロマベール,
776,モルペコ,58,95,58,70,58,97,でんき,あく,はらぺこスイッチ,,
777,モルペコ,58,95,58,70,58,97,でんき,あく,はらぺこスイッチ,,
778,ジュラルドン,70,95,115,120,50,85,はがね,ドラゴン,ライトメタル,ヘヴィメタル,すじがねいり
779,ザシアン-れきせんのゆうしゃ,92,120,115,80,115,138,フェアリー,,ふとうのけん,,
780,ザシアン-けんのおう,92,150,115,80,115,148,フェアリー,はがね,ふとうのけん,,
781,ザマゼンタ-れきせんのゆうしゃ,92,120,115,80,115,138,かくとう,,ふくつのたて,,
782,ザマゼンタ-たてのおう,92,120,140,80,140,128,かくとう,はがね,ふくつのたて,,
783,ムゲンダイナ,140,85,95,145,95,130,どく,ドラゴン,プレッシャー,,
784,ダクマ,60,90,60,53,50,72,かくとう,,せいしんりょく,,
785,ウーラオス-いちげきのすがた,100,130,100,63,60,97,かくとう,あく,ふかしのこぶし,,
786,ウーラオス-れんげきのすがた,100,130,100,63,60,97,かくとう,みず,ふかしのこぶし,,
787,ザルード,105,120,105,70,95,105,あく,くさ,リーフガード,,
788,レジエレキ,80,100,50,100,50,200,でんき,,トランジスタ,,
789,レジドラゴ,200,100,50,100,50,80,ドラゴン,,りゅうのあぎと,,
790,ブリザポス,100,145,130,65,110,30,こおり,,しろのいななき,,
791,レイスポス,100,65,60,145,80,130,ゴースト,,くろのいななき,,
792,バドレックス,100,80,80,80,80,80,エスパー,くさ,きんちょうかん,,
793,バドレックス-はくば,100,165,150,85,130,50,エスパー,こおり,じんばいったい,,
794,バドレックス-こくば,100,85,80,165,100,150,エスパー,ゴースト,じんばいったい,,
795,アヤシシ,103,105,72,105,75,65,ノーマル,エスパー,いかく,おみとおし,そうしょく
796,バサギリ,70,135,95,45,70,85,むし,いわ,むしのしらせ,ちからずく,きれあじ
797,ガチグマ,130,140,105,45,80,50,じめん,ノーマル,こんじょう,ぼうだん,きんちょうかん
798,ガチグマ(アカツキ),113,70,120,135,65,52,じめん,ノーマル,しんがん,,
799,イダイトウ-オス,120,112,65,80,75,78,みず,ゴースト,すいすい,てきおうりょく,かたやぶり
800,イダイトウ-メス,120,92,65,100,75,78,みず,ゴースト,すいすい,てきおうりょく,かたやぶり
801,オオニューラ,80,130,60,40,80,120,かくとう,どく,プレッシャー,かるわざ,どくしゅ
802,ハリーマン,85,115,95,65,65,85,あく,どく,どくのトゲ,すいすい,いかく
803,ラブトロス-化身,74,115,70,135,80,106,フェアリー,ひこう,メロメロボディ,あまのじゃく,
804,ラブトロス-霊獣,74,115,110,135,100,46,フェアリー,ひこう,ぼうじん,,
805,ウネルミナモ,99,83,91,125,83,109,みず,ドラゴン,こだいかっせい,,
806,テツノイサハ,90,130,88,70,108,104,くさ,エスパー,クォークチャージ,,
807,カミッチュ,80,80,110,95,80,40,くさ,ドラゴン,かんろなミツ,くいしんぼう,ねんちゃく
808,チャデス,40,45,45,74,54,50,くさ,ゴースト,おもてなし,たいねつ,
809,ヤバソチャ,71,60,106,121,80,70,くさ,ゴースト,おもてなし,たいねつ,
810,イイネイヌ,88,128,115,58,86,80,どく,かくとう,どくのくさり,ばんけん,
811,マシマシラ,88,75,66,130,90,106,どく,エスパー,どくのくさり,おみとおし,
812,キチキギス,88,91,82,70,125,99,どく,フェアリー,どくのくさり,テクニシャン,
813,オーガポン-みどりのめん,80,120,84,60,96,110,くさ,,まけんき,おもかげやどし,
814,オーガポン-いどのめん,80,120,84,60,96,110,くさ,みず,ちょすい,おもかげやどし,
815,オーガポン-かまどのめん,80,120,84,60,96,110,くさ,ほのお,かたやぶり,おもかげやどし,
816,オーガポン-いしずえのめん,80,120,84,60,96,110,くさ,いわ,がんじょう,おもかげやどし,
817,ブリジュラス,90,105,130,125,65,85,はがね,ドラゴン,じきゅうりょく,がんじょう,すじがねいり
818,カミツオロチ,106,80,110,120,80,44,くさ,ドラゴン,かんろなミツ,さいせいりょく,ねんちゃく
819,ウガツホムラ,105,115,121,65,93,91,ほのお,ドラゴン,こだいかっせい,,
820,タケルライコ,125,73,91,137,89,75,でんき,ドラゴン,こだいかっせい,,
821,テツノイワオ,90,120,80,68,108,124,いわ,エスパー,クォークチャージ,,
822,テツノカシラ,90,72,100,122,108,98,はがね,エスパー,クォークチャージ,,
823,テラパゴス,90,65,85,65,85,60,ノーマル,,テラスチェンジ,,
824,テラパゴス-テラスタル,95,95,110,105,110,85,ノーマル,,テラスシェル,,
825,テラパゴス-ステラ,160,105,110,130,110,85,ノーマル,,ゼロフォーミング,,
